sample_id,image_path,temperature_c,humidity_percent,co2_ppm,hcho_raw,tvoc_raw,valid,split,notes,review_status,reviewer,reviewed_at_utc,proposal_model,prompt_version,source_proposals,consensus_status,consensus_reason,consensus_models,consensus_votes
capture_0001,tools/dataset/captures/http_300_aqs_20260626T2040Z/capture_0001.jpg,,,,,,false,train,,excluded,auto-consensus,2026-07-21T20:11:18+00:00,,,tools/dataset/captures/http_300_aqs_20260626T2040Z/labels_ollama_proposals.csv,excluded,no_valid_votes,qwen3-vl:4b,0
capture_0002,tools/dataset/captures/http_300_aqs_20260626T2040Z/capture_0002.jpg,,,,,,false,train,,excluded,auto-consensus,2026-07-21T20:11:18+00:00,,,tools/dataset/captures/http_300_aqs_20260626T2040Z/labels_ollama_proposals.csv,excluded,no_valid_votes,qwen3-vl:4b,0
capture_0003,tools/dataset/captures/http_300_aqs_20260626T2040Z/capture_0003.jpg,,,,,,false,train,,excluded,auto-consensus,2026-07-21T20:11:18+00:00,,,tools/dataset/captures/http_300_aqs_20260626T2040Z/labels_ollama_proposals.csv,excluded,no_valid_votes,qwen3-vl:4b,0
capture_0004,tools/dataset/captures/http_300_aqs_20260626T2040Z/capture_0004.jpg,,,,,,false,train,,excluded,auto-consensus,2026-07-21T20:11:18+00:00,,,tools/dataset/captures/http_300_aqs_20260626T2040Z/labels_ollama_proposals.csv,excluded,no_valid_votes,qwen3-vl:4b,0
capture_0005,tools/dataset/captures/http_300_aqs_20260626T2040Z/capture_0005.jpg,,,,,,false,train,,excluded,auto-consensus,2026-07-21T20:11:18+00:00,,,tools/dataset/captures/http_300_aqs_20260626T2040Z/labels_ollama_proposals.csv,excluded,no_valid_votes,qwen3-vl:4b,0
capture_0006,tools/dataset/captures/http_300_aqs_20260626T2040Z/capture_0006.jpg,,,,,,false,train,,excluded,auto-consensus,2026-07-21T20:11:18+00:00,,,tools/dataset/captures/http_300_aqs_20260626T2040Z/labels_ollama_proposals.csv,excluded,no_valid_votes,qwen3-vl:4b,0
capture_0007,tools/dataset/captures/http_300_aqs_20260626T2040Z/capture_0007.jpg,,,,,,false,train,,excluded,auto-consensus,2026-07-21T20:11:18+00:00,,,tools/dataset/captures/http_300_aqs_20260626T2040Z/labels_ollama_proposals.csv,excluded,no_valid_votes,qwen3-vl:4b,0
capture_0008,tools/dataset/captures/http_300_aqs_20260626T2040Z/capture_0008.jpg,,,,,,false,train,,excluded,auto-consensus,2026-07-21T20:11:18+00:00,,,tools/dataset/captures/http_300_aqs_20260626T2040Z/labels_ollama_proposals.csv,excluded,no_valid_votes,qwen3-vl:4b,0
capture_0009,tools/dataset/captures/http_300_aqs_20260626T2040Z/capture_0009.jpg,,,,,,false,train,,excluded,auto-consensus,2026-07-21T20:11:18+00:00,,,tools/dataset/captures/http_300_aqs_20260626T2040Z/labels_ollama_proposals.csv,excluded,no_valid_votes,qwen3-vl:4b,0
capture_0010,tools/dataset/captures/http_300_aqs_20260626T2040Z/capture_0010.jpg,,,,,,false,train,,excluded,auto-consensus,2026-07-21T20:11:18+00:00,,,tools/dataset/captures/http_300_aqs_20260626T2040Z/labels_ollama_proposals.csv,excluded,no_valid_votes,qwen3-vl:4b,0
capture_0011,tools/dataset/captures/http_300_aqs_20260626T2040Z/capture_0011.jpg,,,,,,false,train,,excluded,auto-consensus,2026-07-21T20:11:18+00:00,,,tools/dataset/captures/http_300_aqs_20260626T2040Z/labels_ollama_proposals.csv,excluded,no_valid_votes,qwen3-vl:4b,0
capture_0012,tools/dataset/captures/http_300_aqs_20260626T2040Z/capture_0012.jpg,,,,,,false,train,,excluded,auto-consensus,2026-07-21T20:11:18+00:00,,,tools/dataset/captures/http_300_aqs_20260626T2040Z/labels_ollama_proposals.csv,excluded,no_valid_votes,qwen3-vl:4b,0
capture_0013,tools/dataset/captures/http_300_aqs_20260626T2040Z/capture_0013.jpg,,,,,,false,train,,excluded,auto-consensus,2026-07-21T20:11:18+00:00,,,tools/dataset/captures/http_300_aqs_20260626T2040Z/labels_ollama_proposals.csv,excluded,no_valid_votes,qwen3-vl:4b,0
capture_0014,tools/dataset/captures/http_300_aqs_20260626T2040Z/capture_0014.jpg,,,,,,false,train,,excluded,auto-consensus,2026-07-21T20:11:18+00:00,,,tools/dataset/captures/http_300_aqs_20260626T2040Z/labels_ollama_proposals.csv,excluded,no_valid_votes,qwen3-vl:4b,0
capture_0015,tools/dataset/captures/http_300_aqs_20260626T2040Z/capture_0015.jpg,,,,,,false,train,,excluded,auto-consensus,2026-07-21T20:11:18+00:00,,,tools/dataset/captures/http_300_aqs_20260626T2040Z/labels_ollama_proposals.csv,excluded,no_valid_votes,qwen3-vl:4b,0
capture_0016,tools/dataset/captures/http_300_aqs_20260626T2040Z/capture_0016.jpg,,,,,,false,train,,excluded,auto-consensus,2026-07-21T20:11:18+00:00,,,tools/dataset/captures/http_300_aqs_20260626T2040Z/labels_ollama_proposals.csv,excluded,no_valid_votes,qwen3-vl:4b,0
capture_0017,tools/dataset/captures/http_300_aqs_20260626T2040Z/capture_0017.jpg,,,,,,false,train,,excluded,auto-consensus,2026-07-21T20:11:18+00:00,,,tools/dataset/captures/http_300_aqs_20260626T2040Z/labels_ollama_proposals.csv,excluded,no_valid_votes,qwen3-vl:4b,0
capture_0018,tools/dataset/captures/http_300_aqs_20260626T2040Z/capture_0018.jpg,,,,,,false,train,,excluded,auto-consensus,2026-07-21T20:11:18+00:00,,,tools/dataset/captures/http_300_aqs_20260626T2040Z/labels_ollama_proposals.csv,excluded,no_valid_votes,qwen3-vl:4b,0
capture_0019,tools/dataset/captures/http_300_aqs_20260626T2040Z/capture_0019.jpg,,,,,,false,train,,excluded,auto-consensus,2026-07-21T20:11:18+00:00,,,tools/dataset/captures/http_300_aqs_20260626T2040Z/labels_ollama_proposals.csv,excluded,no_valid_votes,qwen3-vl:4b,0
capture_0020,tools/dataset/captures/http_300_aqs_20260626T2040Z/capture_0020.jpg,,,,,,false,train,,excluded,auto-consensus,2026-07-21T20:11:18+00:00,,,tools/dataset/captures/http_300_aqs_20260626T2040Z/labels_ollama_proposals.csv,excluded,no_valid_votes,qwen3-vl:4b,0
capture_0021,tools/dataset/captures/http_300_aqs_20260626T2040Z/capture_0021.jpg,,,,,,false,train,,excluded,auto-consensus,2026-07-21T20:11:18+00:00,,,tools/dataset/captures/http_300_aqs_20260626T2040Z/labels_ollama_proposals.csv,excluded,no_valid_votes,qwen3-vl:4b,0
capture_0022,tools/dataset/captures/http_300_aqs_20260626T2040Z/capture_0022.jpg,,,,,,false,train,,excluded,auto-consensus,2026-07-21T20:11:18+00:00,,,tools/dataset/captures/http_300_aqs_20260626T2040Z/labels_ollama_proposals.csv,excluded,no_valid_votes,qwen3-vl:4b,0
capture_0023,tools/dataset/captures/http_300_aqs_20260626T2040Z/capture_0023.jpg,,,,,,false,train,,excluded,auto-consensus,2026-07-21T20:11:18+00:00,,,tools/dataset/captures/http_300_aqs_20260626T2040Z/labels_ollama_proposals.csv,excluded,no_valid_votes,qwen3-vl:4b,0
capture_0024,tools/dataset/captures/http_300_aqs_20260626T2040Z/capture_0024.jpg,22,11,444,11,36,true,train,auto_consensus,automated_consensus,auto-consensus,2026-07-21T20:11:18+00:00,qwen3-vl:4b,aqs-five-field-v2,tools/dataset/captures/http_300_aqs_20260626T2040Z/labels_ollama_proposals.csv,promoted,single_model_temporal_plausible,qwen3-vl:4b,1
capture_0025,tools/dataset/captures/http_300_aqs_20260626T2040Z/capture_0025.jpg,,,,,,false,train,,excluded,auto-consensus,2026-07-21T20:11:18+00:00,,,tools/dataset/captures/http_300_aqs_20260626T2040Z/labels_ollama_proposals.csv,excluded,no_valid_votes,qwen3-vl:4b,0
capture_0026,tools/dataset/captures/http_300_aqs_20260626T2040Z/capture_0026.jpg,,,,,,false,train,,excluded,auto-consensus,2026-07-21T20:11:18+00:00,,,tools/dataset/captures/http_300_aqs_20260626T2040Z/labels_ollama_proposals.csv,excluded,no_valid_votes,qwen3-vl:4b,0
capture_0027,tools/dataset/captures/http_300_aqs_20260626T2040Z/capture_0027.jpg,,,,,,false,train,,excluded,auto-consensus,2026-07-21T20:11:18+00:00,,,tools/dataset/captures/http_300_aqs_20260626T2040Z/labels_ollama_proposals.csv,excluded,no_valid_votes,qwen3-vl:4b,0
capture_0028,tools/dataset/captures/http_300_aqs_20260626T2040Z/capture_0028.jpg,,,,,,false,train,,excluded,auto-consensus,2026-07-21T20:11:18+00:00,,,tools/dataset/captures/http_300_aqs_20260626T2040Z/labels_ollama_proposals.csv,excluded,no_valid_votes,qwen3-vl:4b,0
capture_0029,tools/dataset/captures/http_300_aqs_20260626T2040Z/capture_0029.jpg,,,,,,false,train,,excluded,auto-consensus,2026-07-21T20:11:18+00:00,,,tools/dataset/captures/http_300_aqs_20260626T2040Z/labels_ollama_proposals.csv,excluded,no_valid_votes,qwen3-vl:4b,0
capture_0030,tools/dataset/captures/http_300_aqs_20260626T2040Z/capture_0030.jpg,,,,,,false,train,,excluded,auto-consensus,2026-07-21T20:11:18+00:00,,,tools/dataset/captures/http_300_aqs_20260626T2040Z/labels_ollama_proposals.csv,excluded,no_valid_votes,qwen3-vl:4b,0
capture_0031,tools/dataset/captures/http_300_aqs_20260626T2040Z/capture_0031.jpg,,,,,,false,train,,excluded,auto-consensus,2026-07-21T20:11:18+00:00,,,tools/dataset/captures/http_300_aqs_20260626T2040Z/labels_ollama_proposals.csv,excluded,no_valid_votes,qwen3-vl:4b,0
capture_0032,tools/dataset/captures/http_300_aqs_20260626T2040Z/capture_0032.jpg,,,,,,false,train,,excluded,auto-consensus,2026-07-21T20:11:18+00:00,,,tools/dataset/captures/http_300_aqs_20260626T2040Z/labels_ollama_proposals.csv,excluded,no_valid_votes,qwen3-vl:4b,0
capture_0033,tools/dataset/captures/http_300_aqs_20260626T2040Z/capture_0033.jpg,,,,,,false,train,,excluded,auto-consensus,2026-07-21T20:11:18+00:00,,,tools/dataset/captures/http_300_aqs_20260626T2040Z/labels_ollama_proposals.csv,excluded,no_valid_votes,qwen3-vl:4b,0
capture_0034,tools/dataset/captures/http_300_aqs_20260626T2040Z/capture_0034.jpg,,,,,,false,train,,excluded,auto-consensus,2026-07-21T20:11:18+00:00,,,tools/dataset/captures/http_300_aqs_20260626T2040Z/labels_ollama_proposals.csv,excluded,no_valid_votes,qwen3-vl:4b,0
capture_0035,tools/dataset/captures/http_300_aqs_20260626T2040Z/capture_0035.jpg,,,,,,false,train,co2_ppm:312:neighbor_median=444,excluded,auto-consensus,2026-07-21T20:11:18+00:00,,,tools/dataset/captures/http_300_aqs_20260626T2040Z/labels_ollama_proposals.csv,excluded,temporal_anomaly,qwen3-vl:4b,0
capture_0036,tools/dataset/captures/http_300_aqs_20260626T2040Z/capture_0036.jpg,,,,,,false,train,,excluded,auto-consensus,2026-07-21T20:11:18+00:00,,,tools/dataset/captures/http_300_aqs_20260626T2040Z/labels_ollama_proposals.csv,excluded,no_valid_votes,qwen3-vl:4b,0
capture_0037,tools/dataset/captures/http_300_aqs_20260626T2040Z/capture_0037.jpg,,,,,,false,train,,excluded,auto-consensus,2026-07-21T20:11:18+00:00,,,tools/dataset/captures/http_300_aqs_20260626T2040Z/labels_ollama_proposals.csv,excluded,no_valid_votes,qwen3-vl:4b,0
capture_0038,tools/dataset/captures/http_300_aqs_20260626T2040Z/capture_0038.jpg,,,,,,false,train,,excluded,auto-consensus,2026-07-21T20:11:18+00:00,,,tools/dataset/captures/http_300_aqs_20260626T2040Z/labels_ollama_proposals.csv,excluded,no_valid_votes,qwen3-vl:4b,0
capture_0039,tools/dataset/captures/http_300_aqs_20260626T2040Z/capture_0039.jpg,,,,,,false,train,,excluded,auto-consensus,2026-07-21T20:11:18+00:00,,,tools/dataset/captures/http_300_aqs_20260626T2040Z/labels_ollama_proposals.csv,excluded,no_valid_votes,qwen3-vl:4b,0
capture_0040,tools/dataset/captures/http_300_aqs_20260626T2040Z/capture_0040.jpg,,,,,,false,train,,excluded,auto-consensus,2026-07-21T20:11:18+00:00,,,tools/dataset/captures/http_300_aqs_20260626T2040Z/labels_ollama_proposals.csv,excluded,no_valid_votes,qwen3-vl:4b,0
capture_0041,tools/dataset/captures/http_300_aqs_20260626T2040Z/capture_0041.jpg,,,,,,false,train,,excluded,auto-consensus,2026-07-21T20:11:18+00:00,,,tools/dataset/captures/http_300_aqs_20260626T2040Z/labels_ollama_proposals.csv,excluded,no_valid_votes,qwen3-vl:4b,0
capture_0042,tools/dataset/captures/http_300_aqs_20260626T2040Z/capture_0042.jpg,,,,,,false,train,,excluded,auto-consensus,2026-07-21T20:11:18+00:00,,,tools/dataset/captures/http_300_aqs_20260626T2040Z/labels_ollama_proposals.csv,excluded,no_valid_votes,qwen3-vl:4b,0
capture_0043,tools/dataset/captures/http_300_aqs_20260626T2040Z/capture_0043.jpg,,,,,,false,train,,excluded,auto-consensus,2026-07-21T20:11:18+00:00,,,tools/dataset/captures/http_300_aqs_20260626T2040Z/labels_ollama_proposals.csv,excluded,no_valid_votes,qwen3-vl:4b,0
capture_0044,tools/dataset/captures/http_300_aqs_20260626T2040Z/capture_0044.jpg,,,,,,false,train,,excluded,auto-consensus,2026-07-21T20:11:18+00:00,,,tools/dataset/captures/http_300_aqs_20260626T2040Z/labels_ollama_proposals.csv,excluded,no_valid_votes,qwen3-vl:4b,0
capture_0045,tools/dataset/captures/http_300_aqs_20260626T2040Z/capture_0045.jpg,,,,,,false,train,,excluded,auto-consensus,2026-07-21T20:11:18+00:00,,,tools/dataset/captures/http_300_aqs_20260626T2040Z/labels_ollama_proposals.csv,excluded,no_valid_votes,qwen3-vl:4b,0
capture_0046,tools/dataset/captures/http_300_aqs_20260626T2040Z/capture_0046.jpg,,,,,,false,train,,excluded,auto-consensus,2026-07-21T20:11:18+00:00,,,tools/dataset/captures/http_300_aqs_20260626T2040Z/labels_ollama_proposals.csv,excluded,no_valid_votes,qwen3-vl:4b,0
capture_0047,tools/dataset/captures/http_300_aqs_20260626T2040Z/capture_0047.jpg,,,,,,false,train,,excluded,auto-consensus,2026-07-21T20:11:18+00:00,,,tools/dataset/captures/http_300_aqs_20260626T2040Z/labels_ollama_proposals.csv,excluded,no_valid_votes,qwen3-vl:4b,0
capture_0048,tools/dataset/captures/http_300_aqs_20260626T2040Z/capture_0048.jpg,,,,,,false,train,,excluded,auto-consensus,2026-07-21T20:11:18+00:00,,,tools/dataset/captures/http_300_aqs_20260626T2040Z/labels_ollama_proposals.csv,excluded,no_valid_votes,qwen3-vl:4b,0
capture_0049,tools/dataset/captures/http_300_aqs_20260626T2040Z/capture_0049.jpg,,,,,,false,train,,excluded,auto-consensus,2026-07-21T20:11:18+00:00,,,tools/dataset/captures/http_300_aqs_20260626T2040Z/labels_ollama_proposals.csv,excluded,no_valid_votes,qwen3-vl:4b,0
capture_0050,tools/dataset/captures/http_300_aqs_20260626T2040Z/capture_0050.jpg,,,,,,false,train,,excluded,auto-consensus,2026-07-21T20:11:18+00:00,,,tools/dataset/captures/http_300_aqs_20260626T2040Z/labels_ollama_proposals.csv,excluded,no_valid_votes,qwen3-vl:4b,0
capture_0051,tools/dataset/captures/http_300_aqs_20260626T2040Z/capture_0051.jpg,,,,,,false,train,,excluded,auto-consensus,2026-07-21T20:11:18+00:00,,,tools/dataset/captures/http_300_aqs_20260626T2040Z/labels_ollama_proposals.csv,excluded,no_valid_votes,qwen3-vl:4b,0
capture_0052,tools/dataset/captures/http_300_aqs_20260626T2040Z/capture_0052.jpg,,,,,,false,train,,excluded,auto-consensus,2026-07-21T20:11:18+00:00,,,tools/dataset/captures/http_300_aqs_20260626T2040Z/labels_ollama_proposals.csv,excluded,no_valid_votes,qwen3-vl:4b,0
capture_0053,tools/dataset/captures/http_300_aqs_20260626T2040Z/capture_0053.jpg,,,,,,false,train,,excluded,auto-consensus,2026-07-21T20:11:18+00:00,,,tools/dataset/captures/http_300_aqs_20260626T2040Z/labels_ollama_proposals.csv,excluded,no_valid_votes,qwen3-vl:4b,0
capture_0054,tools/dataset/captures/http_300_aqs_20260626T2040Z/capture_0054.jpg,,,,,,false,train,,excluded,auto-consensus,2026-07-21T20:11:18+00:00,,,tools/dataset/captures/http_300_aqs_20260626T2040Z/labels_ollama_proposals.csv,excluded,no_valid_votes,qwen3-vl:4b,0
capture_0055,tools/dataset/captures/http_300_aqs_20260626T2040Z/capture_0055.jpg,,,,,,false,train,,excluded,auto-consensus,2026-07-21T20:11:18+00:00,,,tools/dataset/captures/http_300_aqs_20260626T2040Z/labels_ollama_proposals.csv,excluded,no_valid_votes,qwen3-vl:4b,0
capture_0056,tools/dataset/captures/http_300_aqs_20260626T2040Z/capture_0056.jpg,,,,,,false,train,,excluded,auto-consensus,2026-07-21T20:11:18+00:00,,,tools/dataset/captures/http_300_aqs_20260626T2040Z/labels_ollama_proposals.csv,excluded,no_valid_votes,qwen3-vl:4b,0
capture_0057,tools/dataset/captures/http_300_aqs_20260626T2040Z/capture_0057.jpg,,,,,,false,train,,excluded,auto-consensus,2026-07-21T20:11:18+00:00,,,tools/dataset/captures/http_300_aqs_20260626T2040Z/labels_ollama_proposals.csv,excluded,no_valid_votes,qwen3-vl:4b,0
capture_0058,tools/dataset/captures/http_300_aqs_20260626T2040Z/capture_0058.jpg,,,,,,false,train,,excluded,auto-consensus,2026-07-21T20:11:18+00:00,,,tools/dataset/captures/http_300_aqs_20260626T2040Z/labels_ollama_proposals.csv,excluded,no_valid_votes,qwen3-vl:4b,0
capture_0059,tools/dataset/captures/http_300_aqs_20260626T2040Z/capture_0059.jpg,,,,,,false,train,,excluded,auto-consensus,2026-07-21T20:11:18+00:00,,,tools/dataset/captures/http_300_aqs_20260626T2040Z/labels_ollama_proposals.csv,excluded,no_valid_votes,qwen3-vl:4b,0
capture_0060,tools/dataset/captures/http_300_aqs_20260626T2040Z/capture_0060.jpg,,,,,,false,train,,excluded,auto-consensus,2026-07-21T20:11:18+00:00,,,tools/dataset/captures/http_300_aqs_20260626T2040Z/labels_ollama_proposals.csv,excluded,no_valid_votes,qwen3-vl:4b,0
capture_0061,tools/dataset/captures/http_300_aqs_20260626T2040Z/capture_0061.jpg,,,,,,false,train,,excluded,auto-consensus,2026-07-21T20:11:18+00:00,,,tools/dataset/captures/http_300_aqs_20260626T2040Z/labels_ollama_proposals.csv,excluded,no_valid_votes,qwen3-vl:4b,0
capture_0062,tools/dataset/captures/http_300_aqs_20260626T2040Z/capture_0062.jpg,,,,,,false,train,,excluded,auto-consensus,2026-07-21T20:11:18+00:00,,,tools/dataset/captures/http_300_aqs_20260626T2040Z/labels_ollama_proposals.csv,excluded,no_valid_votes,qwen3-vl:4b,0
capture_0063,tools/dataset/captures/http_300_aqs_20260626T2040Z/capture_0063.jpg,,,,,,false,train,,excluded,auto-consensus,2026-07-21T20:11:18+00:00,,,tools/dataset/captures/http_300_aqs_20260626T2040Z/labels_ollama_proposals.csv,excluded,no_valid_votes,qwen3-vl:4b,0
capture_0064,tools/dataset/captures/http_300_aqs_20260626T2040Z/capture_0064.jpg,,,,,,false,train,,excluded,auto-consensus,2026-07-21T20:11:18+00:00,,,tools/dataset/captures/http_300_aqs_20260626T2040Z/labels_ollama_proposals.csv,excluded,no_valid_votes,qwen3-vl:4b,0
capture_0065,tools/dataset/captures/http_300_aqs_20260626T2040Z/capture_0065.jpg,,,,,,false,train,,excluded,auto-consensus,2026-07-21T20:11:18+00:00,,,tools/dataset/captures/http_300_aqs_20260626T2040Z/labels_ollama_proposals.csv,excluded,no_valid_votes,qwen3-vl:4b,0
capture_0066,tools/dataset/captures/http_300_aqs_20260626T2040Z/capture_0066.jpg,,,,,,false,train,,excluded,auto-consensus,2026-07-21T20:11:18+00:00,,,tools/dataset/captures/http_300_aqs_20260626T2040Z/labels_ollama_proposals.csv,excluded,no_valid_votes,qwen3-vl:4b,0
capture_0067,tools/dataset/captures/http_300_aqs_20260626T2040Z/capture_0067.jpg,,,,,,false,train,,excluded,auto-consensus,2026-07-21T20:11:18+00:00,,,tools/dataset/captures/http_300_aqs_20260626T2040Z/labels_ollama_proposals.csv,excluded,no_valid_votes,qwen3-vl:4b,0
capture_0068,tools/dataset/captures/http_300_aqs_20260626T2040Z/capture_0068.jpg,,,,,,false,train,,excluded,auto-consensus,2026-07-21T20:11:18+00:00,,,tools/dataset/captures/http_300_aqs_20260626T2040Z/labels_ollama_proposals.csv,excluded,no_valid_votes,qwen3-vl:4b,0
capture_0069,tools/dataset/captures/http_300_aqs_20260626T2040Z/capture_0069.jpg,,,,,,false,train,,excluded,auto-consensus,2026-07-21T20:11:18+00:00,,,tools/dataset/captures/http_300_aqs_20260626T2040Z/labels_ollama_proposals.csv,excluded,no_valid_votes,qwen3-vl:4b,0
capture_0070,tools/dataset/captures/http_300_aqs_20260626T2040Z/capture_0070.jpg,,,,,,false,train,,excluded,auto-consensus,2026-07-21T20:11:18+00:00,,,tools/dataset/captures/http_300_aqs_20260626T2040Z/labels_ollama_proposals.csv,excluded,no_valid_votes,qwen3-vl:4b,0
capture_0071,tools/dataset/captures/http_300_aqs_20260626T2040Z/capture_0071.jpg,,,,,,false,train,,excluded,auto-consensus,2026-07-21T20:11:18+00:00,,,tools/dataset/captures/http_300_aqs_20260626T2040Z/labels_ollama_proposals.csv,excluded,no_valid_votes,qwen3-vl:4b,0
capture_0072,tools/dataset/captures/http_300_aqs_20260626T2040Z/capture_0072.jpg,,,,,,false,train,,excluded,auto-consensus,2026-07-21T20:11:18+00:00,,,tools/dataset/captures/http_300_aqs_20260626T2040Z/labels_ollama_proposals.csv,excluded,no_valid_votes,qwen3-vl:4b,0
capture_0073,tools/dataset/captures/http_300_aqs_20260626T2040Z/capture_0073.jpg,,,,,,false,train,,excluded,auto-consensus,2026-07-21T20:11:18+00:00,,,tools/dataset/captures/http_300_aqs_20260626T2040Z/labels_ollama_proposals.csv,excluded,no_valid_votes,qwen3-vl:4b,0
capture_0074,tools/dataset/captures/http_300_aqs_20260626T2040Z/capture_0074.jpg,,,,,,false,train,,excluded,auto-consensus,2026-07-21T20:11:18+00:00,,,tools/dataset/captures/http_300_aqs_20260626T2040Z/labels_ollama_proposals.csv,excluded,no_valid_votes,qwen3-vl:4b,0
capture_0075,tools/dataset/captures/http_300_aqs_20260626T2040Z/capture_0075.jpg,,,,,,false,train,,excluded,auto-consensus,2026-07-21T20:11:18+00:00,,,tools/dataset/captures/http_300_aqs_20260626T2040Z/labels_ollama_proposals.csv,excluded,no_valid_votes,qwen3-vl:4b,0
capture_0076,tools/dataset/captures/http_300_aqs_20260626T2040Z/capture_0076.jpg,,,,,,false,train,,excluded,auto-consensus,2026-07-21T20:11:18+00:00,,,tools/dataset/captures/http_300_aqs_20260626T2040Z/labels_ollama_proposals.csv,excluded,no_valid_votes,qwen3-vl:4b,0
capture_0077,tools/dataset/captures/http_300_aqs_20260626T2040Z/capture_0077.jpg,,,,,,false,train,,excluded,auto-consensus,2026-07-21T20:11:18+00:00,,,tools/dataset/captures/http_300_aqs_20260626T2040Z/labels_ollama_proposals.csv,excluded,no_valid_votes,qwen3-vl:4b,0
capture_0078,tools/dataset/captures/http_300_aqs_20260626T2040Z/capture_0078.jpg,,,,,,false,train,,excluded,auto-consensus,2026-07-21T20:11:18+00:00,,,tools/dataset/captures/http_300_aqs_20260626T2040Z/labels_ollama_proposals.csv,excluded,no_valid_votes,qwen3-vl:4b,0
capture_0079,tools/dataset/captures/http_300_aqs_20260626T2040Z/capture_0079.jpg,,,,,,false,train,,excluded,auto-consensus,2026-07-21T20:11:18+00:00,,,tools/dataset/captures/http_300_aqs_20260626T2040Z/labels_ollama_proposals.csv,excluded,no_valid_votes,qwen3-vl:4b,0
capture_0080,tools/dataset/captures/http_300_aqs_20260626T2040Z/capture_0080.jpg,,,,,,false,train,,excluded,auto-consensus,2026-07-21T20:11:18+00:00,,,tools/dataset/captures/http_300_aqs_20260626T2040Z/labels_ollama_proposals.csv,excluded,no_valid_votes,qwen3-vl:4b,0
capture_0081,tools/dataset/captures/http_300_aqs_20260626T2040Z/capture_0081.jpg,,,,,,false,train,,excluded,auto-consensus,2026-07-21T20:11:18+00:00,,,tools/dataset/captures/http_300_aqs_20260626T2040Z/labels_ollama_proposals.csv,excluded,no_valid_votes,qwen3-vl:4b,0
capture_0082,tools/dataset/captures/http_300_aqs_20260626T2040Z/capture_0082.jpg,,,,,,false,train,,excluded,auto-consensus,2026-07-21T20:11:18+00:00,,,tools/dataset/captures/http_300_aqs_20260626T2040Z/labels_ollama_proposals.csv,excluded,no_valid_votes,qwen3-vl:4b,0
capture_0083,tools/dataset/captures/http_300_aqs_20260626T2040Z/capture_0083.jpg,,,,,,false,train,,excluded,auto-consensus,2026-07-21T20:11:18+00:00,,,tools/dataset/captures/http_300_aqs_20260626T2040Z/labels_ollama_proposals.csv,excluded,no_valid_votes,qwen3-vl:4b,0
capture_0084,tools/dataset/captures/http_300_aqs_20260626T2040Z/capture_0084.jpg,,,,,,false,train,,excluded,auto-consensus,2026-07-21T20:11:18+00:00,,,tools/dataset/captures/http_300_aqs_20260626T2040Z/labels_ollama_proposals.csv,excluded,no_valid_votes,qwen3-vl:4b,0
capture_0085,tools/dataset/captures/http_300_aqs_20260626T2040Z/capture_0085.jpg,,,,,,false,train,,excluded,auto-consensus,2026-07-21T20:11:18+00:00,,,tools/dataset/captures/http_300_aqs_20260626T2040Z/labels_ollama_proposals.csv,excluded,no_valid_votes,qwen3-vl:4b,0
capture_0086,tools/dataset/captures/http_300_aqs_20260626T2040Z/capture_0086.jpg,,,,,,false,train,,excluded,auto-consensus,2026-07-21T20:11:18+00:00,,,tools/dataset/captures/http_300_aqs_20260626T2040Z/labels_ollama_proposals.csv,excluded,no_valid_votes,qwen3-vl:4b,0
capture_0087,tools/dataset/captures/http_300_aqs_20260626T2040Z/capture_0087.jpg,,,,,,false,train,,excluded,auto-consensus,2026-07-21T20:11:18+00:00,,,tools/dataset/captures/http_300_aqs_20260626T2040Z/labels_ollama_proposals.csv,excluded,no_valid_votes,qwen3-vl:4b,0
capture_0088,tools/dataset/captures/http_300_aqs_20260626T2040Z/capture_0088.jpg,,,,,,false,train,,excluded,auto-consensus,2026-07-21T20:11:18+00:00,,,tools/dataset/captures/http_300_aqs_20260626T2040Z/labels_ollama_proposals.csv,excluded,no_valid_votes,qwen3-vl:4b,0
capture_0089,tools/dataset/captures/http_300_aqs_20260626T2040Z/capture_0089.jpg,,,,,,false,train,,excluded,auto-consensus,2026-07-21T20:11:18+00:00,,,tools/dataset/captures/http_300_aqs_20260626T2040Z/labels_ollama_proposals.csv,excluded,no_valid_votes,qwen3-vl:4b,0
capture_0090,tools/dataset/captures/http_300_aqs_20260626T2040Z/capture_0090.jpg,,,,,,false,train,,excluded,auto-consensus,2026-07-21T20:11:18+00:00,,,tools/dataset/captures/http_300_aqs_20260626T2040Z/labels_ollama_proposals.csv,excluded,no_valid_votes,qwen3-vl:4b,0
capture_0091,tools/dataset/captures/http_300_aqs_20260626T2040Z/capture_0091.jpg,,,,,,false,train,,excluded,auto-consensus,2026-07-21T20:11:18+00:00,,,tools/dataset/captures/http_300_aqs_20260626T2040Z/labels_ollama_proposals.csv,excluded,no_valid_votes,qwen3-vl:4b,0
capture_0092,tools/dataset/captures/http_300_aqs_20260626T2040Z/capture_0092.jpg,,,,,,false,train,,excluded,auto-consensus,2026-07-21T20:11:18+00:00,,,tools/dataset/captures/http_300_aqs_20260626T2040Z/labels_ollama_proposals.csv,excluded,no_valid_votes,qwen3-vl:4b,0
capture_0093,tools/dataset/captures/http_300_aqs_20260626T2040Z/capture_0093.jpg,,,,,,false,train,,excluded,auto-consensus,2026-07-21T20:11:18+00:00,,,tools/dataset/captures/http_300_aqs_20260626T2040Z/labels_ollama_proposals.csv,excluded,no_valid_votes,qwen3-vl:4b,0
capture_0094,tools/dataset/captures/http_300_aqs_20260626T2040Z/capture_0094.jpg,,,,,,false,train,,excluded,auto-consensus,2026-07-21T20:11:18+00:00,,,tools/dataset/captures/http_300_aqs_20260626T2040Z/labels_ollama_proposals.csv,excluded,no_valid_votes,qwen3-vl:4b,0
capture_0095,tools/dataset/captures/http_300_aqs_20260626T2040Z/capture_0095.jpg,,,,,,false,train,tvoc_raw:0:neighbor_median=36,excluded,auto-consensus,2026-07-21T20:11:18+00:00,,,tools/dataset/captures/http_300_aqs_20260626T2040Z/labels_ollama_proposals.csv,excluded,temporal_anomaly,qwen3-vl:4b,0
capture_0096,tools/dataset/captures/http_300_aqs_20260626T2040Z/capture_0096.jpg,,,,,,false,train,,excluded,auto-consensus,2026-07-21T20:11:18+00:00,,,tools/dataset/captures/http_300_aqs_20260626T2040Z/labels_ollama_proposals.csv,excluded,no_valid_votes,qwen3-vl:4b,0
capture_0097,tools/dataset/captures/http_300_aqs_20260626T2040Z/capture_0097.jpg,,,,,,false,train,tvoc_raw:0:neighbor_median=36,excluded,auto-consensus,2026-07-21T20:11:18+00:00,,,tools/dataset/captures/http_300_aqs_20260626T2040Z/labels_ollama_proposals.csv,excluded,temporal_anomaly,qwen3-vl:4b,0
capture_0098,tools/dataset/captures/http_300_aqs_20260626T2040Z/capture_0098.jpg,,,,,,false,train,,excluded,auto-consensus,2026-07-21T20:11:18+00:00,,,tools/dataset/captures/http_300_aqs_20260626T2040Z/labels_ollama_proposals.csv,excluded,no_valid_votes,qwen3-vl:4b,0
capture_0099,tools/dataset/captures/http_300_aqs_20260626T2040Z/capture_0099.jpg,,,,,,false,train,,excluded,auto-consensus,2026-07-21T20:11:18+00:00,,,tools/dataset/captures/http_300_aqs_20260626T2040Z/labels_ollama_proposals.csv,excluded,no_valid_votes,qwen3-vl:4b,0
capture_0100,tools/dataset/captures/http_300_aqs_20260626T2040Z/capture_0100.jpg,,,,,,false,train,temperature_c:21:neighbor_median=23.5,excluded,auto-consensus,2026-07-21T20:11:18+00:00,,,tools/dataset/captures/http_300_aqs_20260626T2040Z/labels_ollama_proposals.csv,excluded,temporal_anomaly,qwen3-vl:4b,0
capture_0101,tools/dataset/captures/http_300_aqs_20260626T2040Z/capture_0101.jpg,,,,,,false,train,,excluded,auto-consensus,2026-07-21T20:11:18+00:00,,,tools/dataset/captures/http_300_aqs_20260626T2040Z/labels_ollama_proposals.csv,excluded,no_valid_votes,qwen3-vl:4b,0
capture_0102,tools/dataset/captures/http_300_aqs_20260626T2040Z/capture_0102.jpg,,,,,,false,train,,excluded,auto-consensus,2026-07-21T20:11:18+00:00,,,tools/dataset/captures/http_300_aqs_20260626T2040Z/labels_ollama_proposals.csv,excluded,no_valid_votes,qwen3-vl:4b,0
capture_0103,tools/dataset/captures/http_300_aqs_20260626T2040Z/capture_0103.jpg,,,,,,false,train,,excluded,auto-consensus,2026-07-21T20:11:18+00:00,,,tools/dataset/captures/http_300_aqs_20260626T2040Z/labels_ollama_proposals.csv,excluded,no_valid_votes,qwen3-vl:4b,0
capture_0104,tools/dataset/captures/http_300_aqs_20260626T2040Z/capture_0104.jpg,,,,,,false,train,,excluded,auto-consensus,2026-07-21T20:11:18+00:00,,,tools/dataset/captures/http_300_aqs_20260626T2040Z/labels_ollama_proposals.csv,excluded,no_valid_votes,qwen3-vl:4b,0
capture_0105,tools/dataset/captures/http_300_aqs_20260626T2040Z/capture_0105.jpg,,,,,,false,train,,excluded,auto-consensus,2026-07-21T20:11:18+00:00,,,tools/dataset/captures/http_300_aqs_20260626T2040Z/labels_ollama_proposals.csv,excluded,no_valid_votes,qwen3-vl:4b,0
capture_0106,tools/dataset/captures/http_300_aqs_20260626T2040Z/capture_0106.jpg,,,,,,false,train,,excluded,auto-consensus,2026-07-21T20:11:18+00:00,,,tools/dataset/captures/http_300_aqs_20260626T2040Z/labels_ollama_proposals.csv,excluded,no_valid_votes,qwen3-vl:4b,0
capture_0107,tools/dataset/captures/http_300_aqs_20260626T2040Z/capture_0107.jpg,,,,,,false,train,,excluded,auto-consensus,2026-07-21T20:11:18+00:00,,,tools/dataset/captures/http_300_aqs_20260626T2040Z/labels_ollama_proposals.csv,excluded,no_valid_votes,qwen3-vl:4b,0
capture_0108,tools/dataset/captures/http_300_aqs_20260626T2040Z/capture_0108.jpg,,,,,,false,train,,excluded,auto-consensus,2026-07-21T20:11:18+00:00,,,tools/dataset/captures/http_300_aqs_20260626T2040Z/labels_ollama_proposals.csv,excluded,no_valid_votes,qwen3-vl:4b,0
capture_0109,tools/dataset/captures/http_300_aqs_20260626T2040Z/capture_0109.jpg,,,,,,false,train,,excluded,auto-consensus,2026-07-21T20:11:18+00:00,,,tools/dataset/captures/http_300_aqs_20260626T2040Z/labels_ollama_proposals.csv,excluded,no_valid_votes,qwen3-vl:4b,0
capture_0110,tools/dataset/captures/http_300_aqs_20260626T2040Z/capture_0110.jpg,,,,,,false,train,,excluded,auto-consensus,2026-07-21T20:11:18+00:00,,,tools/dataset/captures/http_300_aqs_20260626T2040Z/labels_ollama_proposals.csv,excluded,no_valid_votes,qwen3-vl:4b,0
capture_0111,tools/dataset/captures/http_300_aqs_20260626T2040Z/capture_0111.jpg,,,,,,false,train,,excluded,auto-consensus,2026-07-21T20:11:18+00:00,,,tools/dataset/captures/http_300_aqs_20260626T2040Z/labels_ollama_proposals.csv,excluded,no_valid_votes,qwen3-vl:4b,0
capture_0112,tools/dataset/captures/http_300_aqs_20260626T2040Z/capture_0112.jpg,,,,,,false,train,,excluded,auto-consensus,2026-07-21T20:11:18+00:00,,,tools/dataset/captures/http_300_aqs_20260626T2040Z/labels_ollama_proposals.csv,excluded,no_valid_votes,qwen3-vl:4b,0
capture_0113,tools/dataset/captures/http_300_aqs_20260626T2040Z/capture_0113.jpg,,,,,,false,train,,excluded,auto-consensus,2026-07-21T20:11:18+00:00,,,tools/dataset/captures/http_300_aqs_20260626T2040Z/labels_ollama_proposals.csv,excluded,no_valid_votes,qwen3-vl:4b,0
capture_0114,tools/dataset/captures/http_300_aqs_20260626T2040Z/capture_0114.jpg,,,,,,false,train,,excluded,auto-consensus,2026-07-21T20:11:18+00:00,,,tools/dataset/captures/http_300_aqs_20260626T2040Z/labels_ollama_proposals.csv,excluded,no_valid_votes,qwen3-vl:4b,0
capture_0115,tools/dataset/captures/http_300_aqs_20260626T2040Z/capture_0115.jpg,,,,,,false,train,,excluded,auto-consensus,2026-07-21T20:11:18+00:00,,,tools/dataset/captures/http_300_aqs_20260626T2040Z/labels_ollama_proposals.csv,excluded,no_valid_votes,qwen3-vl:4b,0
capture_0116,tools/dataset/captures/http_300_aqs_20260626T2040Z/capture_0116.jpg,,,,,,false,train,,excluded,auto-consensus,2026-07-21T20:11:18+00:00,,,tools/dataset/captures/http_300_aqs_20260626T2040Z/labels_ollama_proposals.csv,excluded,no_valid_votes,qwen3-vl:4b,0
capture_0117,tools/dataset/captures/http_300_aqs_20260626T2040Z/capture_0117.jpg,,,,,,false,train,,excluded,auto-consensus,2026-07-21T20:11:18+00:00,,,tools/dataset/captures/http_300_aqs_20260626T2040Z/labels_ollama_proposals.csv,excluded,no_valid_votes,qwen3-vl:4b,0
capture_0118,tools/dataset/captures/http_300_aqs_20260626T2040Z/capture_0118.jpg,,,,,,false,train,,excluded,auto-consensus,2026-07-21T20:11:18+00:00,,,tools/dataset/captures/http_300_aqs_20260626T2040Z/labels_ollama_proposals.csv,excluded,no_valid_votes,qwen3-vl:4b,0
capture_0119,tools/dataset/captures/http_300_aqs_20260626T2040Z/capture_0119.jpg,,,,,,false,train,,excluded,auto-consensus,2026-07-21T20:11:18+00:00,,,tools/dataset/captures/http_300_aqs_20260626T2040Z/labels_ollama_proposals.csv,excluded,no_valid_votes,qwen3-vl:4b,0
capture_0120,tools/dataset/captures/http_300_aqs_20260626T2040Z/capture_0120.jpg,,,,,,false,train,,excluded,auto-consensus,2026-07-21T20:11:18+00:00,,,tools/dataset/captures/http_300_aqs_20260626T2040Z/labels_ollama_proposals.csv,excluded,no_valid_votes,qwen3-vl:4b,0
capture_0121,tools/dataset/captures/http_300_aqs_20260626T2040Z/capture_0121.jpg,,,,,,false,train,,excluded,auto-consensus,2026-07-21T20:11:18+00:00,,,tools/dataset/captures/http_300_aqs_20260626T2040Z/labels_ollama_proposals.csv,excluded,no_valid_votes,qwen3-vl:4b,0
capture_0122,tools/dataset/captures/http_300_aqs_20260626T2040Z/capture_0122.jpg,,,,,,false,train,,excluded,auto-consensus,2026-07-21T20:11:18+00:00,,,tools/dataset/captures/http_300_aqs_20260626T2040Z/labels_ollama_proposals.csv,excluded,no_valid_votes,qwen3-vl:4b,0
capture_0123,tools/dataset/captures/http_300_aqs_20260626T2040Z/capture_0123.jpg,,,,,,false,train,,excluded,auto-consensus,2026-07-21T20:11:18+00:00,,,tools/dataset/captures/http_300_aqs_20260626T2040Z/labels_ollama_proposals.csv,excluded,no_valid_votes,qwen3-vl:4b,0
capture_0124,tools/dataset/captures/http_300_aqs_20260626T2040Z/capture_0124.jpg,,,,,,false,train,,excluded,auto-consensus,2026-07-21T20:11:18+00:00,,,tools/dataset/captures/http_300_aqs_20260626T2040Z/labels_ollama_proposals.csv,excluded,no_valid_votes,qwen3-vl:4b,0
capture_0125,tools/dataset/captures/http_300_aqs_20260626T2040Z/capture_0125.jpg,,,,,,false,train,,excluded,auto-consensus,2026-07-21T20:11:18+00:00,,,tools/dataset/captures/http_300_aqs_20260626T2040Z/labels_ollama_proposals.csv,excluded,no_valid_votes,qwen3-vl:4b,0
capture_0126,tools/dataset/captures/http_300_aqs_20260626T2040Z/capture_0126.jpg,,,,,,false,train,,excluded,auto-consensus,2026-07-21T20:11:18+00:00,,,tools/dataset/captures/http_300_aqs_20260626T2040Z/labels_ollama_proposals.csv,excluded,no_valid_votes,qwen3-vl:4b,0
capture_0127,tools/dataset/captures/http_300_aqs_20260626T2040Z/capture_0127.jpg,,,,,,false,train,,excluded,auto-consensus,2026-07-21T20:11:18+00:00,,,tools/dataset/captures/http_300_aqs_20260626T2040Z/labels_ollama_proposals.csv,excluded,no_valid_votes,qwen3-vl:4b,0
capture_0128,tools/dataset/captures/http_300_aqs_20260626T2040Z/capture_0128.jpg,,,,,,false,train,,excluded,auto-consensus,2026-07-21T20:11:18+00:00,,,tools/dataset/captures/http_300_aqs_20260626T2040Z/labels_ollama_proposals.csv,excluded,no_valid_votes,qwen3-vl:4b,0
capture_0129,tools/dataset/captures/http_300_aqs_20260626T2040Z/capture_0129.jpg,,,,,,false,train,,excluded,auto-consensus,2026-07-21T20:11:18+00:00,,,tools/dataset/captures/http_300_aqs_20260626T2040Z/labels_ollama_proposals.csv,excluded,no_valid_votes,qwen3-vl:4b,0
capture_0130,tools/dataset/captures/http_300_aqs_20260626T2040Z/capture_0130.jpg,,,,,,false,train,,excluded,auto-consensus,2026-07-21T20:11:18+00:00,,,tools/dataset/captures/http_300_aqs_20260626T2040Z/labels_ollama_proposals.csv,excluded,no_valid_votes,qwen3-vl:4b,0
capture_0131,tools/dataset/captures/http_300_aqs_20260626T2040Z/capture_0131.jpg,,,,,,false,train,,excluded,auto-consensus,2026-07-21T20:11:18+00:00,,,tools/dataset/captures/http_300_aqs_20260626T2040Z/labels_ollama_proposals.csv,excluded,no_valid_votes,qwen3-vl:4b,0
capture_0132,tools/dataset/captures/http_300_aqs_20260626T2040Z/capture_0132.jpg,,,,,,false,train,,excluded,auto-consensus,2026-07-21T20:11:18+00:00,,,tools/dataset/captures/http_300_aqs_20260626T2040Z/labels_ollama_proposals.csv,excluded,no_valid_votes,qwen3-vl:4b,0
capture_0133,tools/dataset/captures/http_300_aqs_20260626T2040Z/capture_0133.jpg,,,,,,false,train,,excluded,auto-consensus,2026-07-21T20:11:18+00:00,,,tools/dataset/captures/http_300_aqs_20260626T2040Z/labels_ollama_proposals.csv,excluded,no_valid_votes,qwen3-vl:4b,0
capture_0134,tools/dataset/captures/http_300_aqs_20260626T2040Z/capture_0134.jpg,,,,,,false,train,,excluded,auto-consensus,2026-07-21T20:11:18+00:00,,,tools/dataset/captures/http_300_aqs_20260626T2040Z/labels_ollama_proposals.csv,excluded,no_valid_votes,qwen3-vl:4b,0
capture_0135,tools/dataset/captures/http_300_aqs_20260626T2040Z/capture_0135.jpg,,,,,,false,train,,excluded,auto-consensus,2026-07-21T20:11:18+00:00,,,tools/dataset/captures/http_300_aqs_20260626T2040Z/labels_ollama_proposals.csv,excluded,no_valid_votes,qwen3-vl:4b,0
capture_0136,tools/dataset/captures/http_300_aqs_20260626T2040Z/capture_0136.jpg,,,,,,false,train,,excluded,auto-consensus,2026-07-21T20:11:18+00:00,,,tools/dataset/captures/http_300_aqs_20260626T2040Z/labels_ollama_proposals.csv,excluded,no_valid_votes,qwen3-vl:4b,0
capture_0137,tools/dataset/captures/http_300_aqs_20260626T2040Z/capture_0137.jpg,,,,,,false,train,,excluded,auto-consensus,2026-07-21T20:11:18+00:00,,,tools/dataset/captures/http_300_aqs_20260626T2040Z/labels_ollama_proposals.csv,excluded,no_valid_votes,qwen3-vl:4b,0
capture_0138,tools/dataset/captures/http_300_aqs_20260626T2040Z/capture_0138.jpg,,,,,,false,train,,excluded,auto-consensus,2026-07-21T20:11:18+00:00,,,tools/dataset/captures/http_300_aqs_20260626T2040Z/labels_ollama_proposals.csv,excluded,no_valid_votes,qwen3-vl:4b,0
capture_0139,tools/dataset/captures/http_300_aqs_20260626T2040Z/capture_0139.jpg,,,,,,false,train,,excluded,auto-consensus,2026-07-21T20:11:18+00:00,,,tools/dataset/captures/http_300_aqs_20260626T2040Z/labels_ollama_proposals.csv,excluded,no_valid_votes,qwen3-vl:4b,0
capture_0140,tools/dataset/captures/http_300_aqs_20260626T2040Z/capture_0140.jpg,,,,,,false,train,,excluded,auto-consensus,2026-07-21T20:11:18+00:00,,,tools/dataset/captures/http_300_aqs_20260626T2040Z/labels_ollama_proposals.csv,excluded,no_valid_votes,qwen3-vl:4b,0
capture_0141,tools/dataset/captures/http_300_aqs_20260626T2040Z/capture_0141.jpg,,,,,,false,train,,excluded,auto-consensus,2026-07-21T20:11:18+00:00,,,tools/dataset/captures/http_300_aqs_20260626T2040Z/labels_ollama_proposals.csv,excluded,no_valid_votes,qwen3-vl:4b,0
capture_0142,tools/dataset/captures/http_300_aqs_20260626T2040Z/capture_0142.jpg,,,,,,false,train,,excluded,auto-consensus,2026-07-21T20:11:18+00:00,,,tools/dataset/captures/http_300_aqs_20260626T2040Z/labels_ollama_proposals.csv,excluded,no_valid_votes,qwen3-vl:4b,0
capture_0143,tools/dataset/captures/http_300_aqs_20260626T2040Z/capture_0143.jpg,,,,,,false,train,,excluded,auto-consensus,2026-07-21T20:11:18+00:00,,,tools/dataset/captures/http_300_aqs_20260626T2040Z/labels_ollama_proposals.csv,excluded,no_valid_votes,qwen3-vl:4b,0
capture_0144,tools/dataset/captures/http_300_aqs_20260626T2040Z/capture_0144.jpg,,,,,,false,train,,excluded,auto-consensus,2026-07-21T20:11:18+00:00,,,tools/dataset/captures/http_300_aqs_20260626T2040Z/labels_ollama_proposals.csv,excluded,no_valid_votes,qwen3-vl:4b,0
capture_0145,tools/dataset/captures/http_300_aqs_20260626T2040Z/capture_0145.jpg,,,,,,false,train,,excluded,auto-consensus,2026-07-21T20:11:18+00:00,,,tools/dataset/captures/http_300_aqs_20260626T2040Z/labels_ollama_proposals.csv,excluded,no_valid_votes,qwen3-vl:4b,0
capture_0146,tools/dataset/captures/http_300_aqs_20260626T2040Z/capture_0146.jpg,,,,,,false,train,,excluded,auto-consensus,2026-07-21T20:11:18+00:00,,,tools/dataset/captures/http_300_aqs_20260626T2040Z/labels_ollama_proposals.csv,excluded,no_valid_votes,qwen3-vl:4b,0
capture_0147,tools/dataset/captures/http_300_aqs_20260626T2040Z/capture_0147.jpg,,,,,,false,train,,excluded,auto-consensus,2026-07-21T20:11:18+00:00,,,tools/dataset/captures/http_300_aqs_20260626T2040Z/labels_ollama_proposals.csv,excluded,no_valid_votes,qwen3-vl:4b,0
capture_0148,tools/dataset/captures/http_300_aqs_20260626T2040Z/capture_0148.jpg,,,,,,false,train,,excluded,auto-consensus,2026-07-21T20:11:18+00:00,,,tools/dataset/captures/http_300_aqs_20260626T2040Z/labels_ollama_proposals.csv,excluded,no_valid_votes,qwen3-vl:4b,0
capture_0149,tools/dataset/captures/http_300_aqs_20260626T2040Z/capture_0149.jpg,,,,,,false,train,,excluded,auto-consensus,2026-07-21T20:11:18+00:00,,,tools/dataset/captures/http_300_aqs_20260626T2040Z/labels_ollama_proposals.csv,excluded,no_valid_votes,qwen3-vl:4b,0
capture_0150,tools/dataset/captures/http_300_aqs_20260626T2040Z/capture_0150.jpg,,,,,,false,train,,excluded,auto-consensus,2026-07-21T20:11:18+00:00,,,tools/dataset/captures/http_300_aqs_20260626T2040Z/labels_ollama_proposals.csv,excluded,no_valid_votes,qwen3-vl:4b,0
capture_0151,tools/dataset/captures/http_300_aqs_20260626T2040Z/capture_0151.jpg,,,,,,false,train,,excluded,auto-consensus,2026-07-21T20:11:18+00:00,,,tools/dataset/captures/http_300_aqs_20260626T2040Z/labels_ollama_proposals.csv,excluded,no_valid_votes,qwen3-vl:4b,0
capture_0152,tools/dataset/captures/http_300_aqs_20260626T2040Z/capture_0152.jpg,,,,,,false,train,,excluded,auto-consensus,2026-07-21T20:11:18+00:00,,,tools/dataset/captures/http_300_aqs_20260626T2040Z/labels_ollama_proposals.csv,excluded,no_valid_votes,qwen3-vl:4b,0
capture_0153,tools/dataset/captures/http_300_aqs_20260626T2040Z/capture_0153.jpg,,,,,,false,train,,excluded,auto-consensus,2026-07-21T20:11:18+00:00,,,tools/dataset/captures/http_300_aqs_20260626T2040Z/labels_ollama_proposals.csv,excluded,no_valid_votes,qwen3-vl:4b,0
capture_0154,tools/dataset/captures/http_300_aqs_20260626T2040Z/capture_0154.jpg,,,,,,false,train,,excluded,auto-consensus,2026-07-21T20:11:18+00:00,,,tools/dataset/captures/http_300_aqs_20260626T2040Z/labels_ollama_proposals.csv,excluded,no_valid_votes,qwen3-vl:4b,0
capture_0155,tools/dataset/captures/http_300_aqs_20260626T2040Z/capture_0155.jpg,,,,,,false,train,,excluded,auto-consensus,2026-07-21T20:11:18+00:00,,,tools/dataset/captures/http_300_aqs_20260626T2040Z/labels_ollama_proposals.csv,excluded,no_valid_votes,qwen3-vl:4b,0
capture_0156,tools/dataset/captures/http_300_aqs_20260626T2040Z/capture_0156.jpg,,,,,,false,train,,excluded,auto-consensus,2026-07-21T20:11:18+00:00,,,tools/dataset/captures/http_300_aqs_20260626T2040Z/labels_ollama_proposals.csv,excluded,no_valid_votes,qwen3-vl:4b,0
capture_0157,tools/dataset/captures/http_300_aqs_20260626T2040Z/capture_0157.jpg,,,,,,false,train,,excluded,auto-consensus,2026-07-21T20:11:18+00:00,,,tools/dataset/captures/http_300_aqs_20260626T2040Z/labels_ollama_proposals.csv,excluded,no_valid_votes,qwen3-vl:4b,0
capture_0158,tools/dataset/captures/http_300_aqs_20260626T2040Z/capture_0158.jpg,,,,,,false,train,,excluded,auto-consensus,2026-07-21T20:11:18+00:00,,,tools/dataset/captures/http_300_aqs_20260626T2040Z/labels_ollama_proposals.csv,excluded,no_valid_votes,qwen3-vl:4b,0
capture_0159,tools/dataset/captures/http_300_aqs_20260626T2040Z/capture_0159.jpg,,,,,,false,train,,excluded,auto-consensus,2026-07-21T20:11:18+00:00,,,tools/dataset/captures/http_300_aqs_20260626T2040Z/labels_ollama_proposals.csv,excluded,no_valid_votes,qwen3-vl:4b,0
capture_0160,tools/dataset/captures/http_300_aqs_20260626T2040Z/capture_0160.jpg,,,,,,false,train,,excluded,auto-consensus,2026-07-21T20:11:18+00:00,,,tools/dataset/captures/http_300_aqs_20260626T2040Z/labels_ollama_proposals.csv,excluded,no_valid_votes,qwen3-vl:4b,0
capture_0161,tools/dataset/captures/http_300_aqs_20260626T2040Z/capture_0161.jpg,,,,,,false,train,,excluded,auto-consensus,2026-07-21T20:11:18+00:00,,,tools/dataset/captures/http_300_aqs_20260626T2040Z/labels_ollama_proposals.csv,excluded,no_valid_votes,qwen3-vl:4b,0
capture_0162,tools/dataset/captures/http_300_aqs_20260626T2040Z/capture_0162.jpg,,,,,,false,train,,excluded,auto-consensus,2026-07-21T20:11:18+00:00,,,tools/dataset/captures/http_300_aqs_20260626T2040Z/labels_ollama_proposals.csv,excluded,no_valid_votes,qwen3-vl:4b,0
capture_0163,tools/dataset/captures/http_300_aqs_20260626T2040Z/capture_0163.jpg,,,,,,false,train,,excluded,auto-consensus,2026-07-21T20:11:18+00:00,,,tools/dataset/captures/http_300_aqs_20260626T2040Z/labels_ollama_proposals.csv,excluded,no_valid_votes,qwen3-vl:4b,0
capture_0164,tools/dataset/captures/http_300_aqs_20260626T2040Z/capture_0164.jpg,,,,,,false,train,,excluded,auto-consensus,2026-07-21T20:11:18+00:00,,,tools/dataset/captures/http_300_aqs_20260626T2040Z/labels_ollama_proposals.csv,excluded,no_valid_votes,qwen3-vl:4b,0
capture_0165,tools/dataset/captures/http_300_aqs_20260626T2040Z/capture_0165.jpg,,,,,,false,train,,excluded,auto-consensus,2026-07-21T20:11:18+00:00,,,tools/dataset/captures/http_300_aqs_20260626T2040Z/labels_ollama_proposals.csv,excluded,no_valid_votes,qwen3-vl:4b,0
capture_0166,tools/dataset/captures/http_300_aqs_20260626T2040Z/capture_0166.jpg,,,,,,false,train,,excluded,auto-consensus,2026-07-21T20:11:18+00:00,,,tools/dataset/captures/http_300_aqs_20260626T2040Z/labels_ollama_proposals.csv,excluded,no_valid_votes,qwen3-vl:4b,0
capture_0167,tools/dataset/captures/http_300_aqs_20260626T2040Z/capture_0167.jpg,,,,,,false,train,,excluded,auto-consensus,2026-07-21T20:11:18+00:00,,,tools/dataset/captures/http_300_aqs_20260626T2040Z/labels_ollama_proposals.csv,excluded,no_valid_votes,qwen3-vl:4b,0
capture_0168,tools/dataset/captures/http_300_aqs_20260626T2040Z/capture_0168.jpg,,,,,,false,train,,excluded,auto-consensus,2026-07-21T20:11:18+00:00,,,tools/dataset/captures/http_300_aqs_20260626T2040Z/labels_ollama_proposals.csv,excluded,no_valid_votes,qwen3-vl:4b,0
capture_0169,tools/dataset/captures/http_300_aqs_20260626T2040Z/capture_0169.jpg,,,,,,false,train,,excluded,auto-consensus,2026-07-21T20:11:18+00:00,,,tools/dataset/captures/http_300_aqs_20260626T2040Z/labels_ollama_proposals.csv,excluded,no_valid_votes,qwen3-vl:4b,0
capture_0170,tools/dataset/captures/http_300_aqs_20260626T2040Z/capture_0170.jpg,21,11,444,13,36,true,train,auto_consensus,automated_consensus,auto-consensus,2026-07-21T20:11:18+00:00,qwen3-vl:4b,aqs-five-field-v2,tools/dataset/captures/http_300_aqs_20260626T2040Z/labels_ollama_proposals.csv,promoted,single_model_temporal_plausible,qwen3-vl:4b,1
capture_0171,tools/dataset/captures/http_300_aqs_20260626T2040Z/capture_0171.jpg,,,,,,false,train,temperature_c:24:neighbor_median=21,excluded,auto-consensus,2026-07-21T20:11:18+00:00,,,tools/dataset/captures/http_300_aqs_20260626T2040Z/labels_ollama_proposals.csv,excluded,temporal_anomaly,qwen3-vl:4b,0
capture_0172,tools/dataset/captures/http_300_aqs_20260626T2040Z/capture_0172.jpg,21,11,444,13,36,true,train,auto_consensus,automated_consensus,auto-consensus,2026-07-21T20:11:18+00:00,qwen3-vl:4b,aqs-five-field-v2,tools/dataset/captures/http_300_aqs_20260626T2040Z/labels_ollama_proposals.csv,promoted,single_model_temporal_plausible,qwen3-vl:4b,1
capture_0173,tools/dataset/captures/http_300_aqs_20260626T2040Z/capture_0173.jpg,,,,,,false,train,,excluded,auto-consensus,2026-07-21T20:11:18+00:00,,,tools/dataset/captures/http_300_aqs_20260626T2040Z/labels_ollama_proposals.csv,excluded,no_valid_votes,qwen3-vl:4b,0
capture_0174,tools/dataset/captures/http_300_aqs_20260626T2040Z/capture_0174.jpg,21,11,444,13,36,true,train,auto_consensus,automated_consensus,auto-consensus,2026-07-21T20:11:18+00:00,qwen3-vl:4b,aqs-five-field-v2,tools/dataset/captures/http_300_aqs_20260626T2040Z/labels_ollama_proposals.csv,promoted,single_model_temporal_plausible,qwen3-vl:4b,1
capture_0175,tools/dataset/captures/http_300_aqs_20260626T2040Z/capture_0175.jpg,,,,,,false,train,,excluded,auto-consensus,2026-07-21T20:11:18+00:00,,,tools/dataset/captures/http_300_aqs_20260626T2040Z/labels_ollama_proposals.csv,excluded,no_valid_votes,qwen3-vl:4b,0
capture_0176,tools/dataset/captures/http_300_aqs_20260626T2040Z/capture_0176.jpg,,,,,,false,train,,excluded,auto-consensus,2026-07-21T20:11:18+00:00,,,tools/dataset/captures/http_300_aqs_20260626T2040Z/labels_ollama_proposals.csv,excluded,no_valid_votes,qwen3-vl:4b,0
capture_0177,tools/dataset/captures/http_300_aqs_20260626T2040Z/capture_0177.jpg,,,,,,false,train,,excluded,auto-consensus,2026-07-21T20:11:18+00:00,,,tools/dataset/captures/http_300_aqs_20260626T2040Z/labels_ollama_proposals.csv,excluded,no_valid_votes,qwen3-vl:4b,0
capture_0178,tools/dataset/captures/http_300_aqs_20260626T2040Z/capture_0178.jpg,,,,,,false,train,,excluded,auto-consensus,2026-07-21T20:11:18+00:00,,,tools/dataset/captures/http_300_aqs_20260626T2040Z/labels_ollama_proposals.csv,excluded,no_valid_votes,qwen3-vl:4b,0
capture_0179,tools/dataset/captures/http_300_aqs_20260626T2040Z/capture_0179.jpg,,,,,,false,train,,excluded,auto-consensus,2026-07-21T20:11:18+00:00,,,tools/dataset/captures/http_300_aqs_20260626T2040Z/labels_ollama_proposals.csv,excluded,no_valid_votes,qwen3-vl:4b,0
capture_0180,tools/dataset/captures/http_300_aqs_20260626T2040Z/capture_0180.jpg,,,,,,false,train,,excluded,auto-consensus,2026-07-21T20:11:18+00:00,,,tools/dataset/captures/http_300_aqs_20260626T2040Z/labels_ollama_proposals.csv,excluded,no_valid_votes,qwen3-vl:4b,0
capture_0181,tools/dataset/captures/http_300_aqs_20260626T2040Z/capture_0181.jpg,,,,,,false,train,,excluded,auto-consensus,2026-07-21T20:11:18+00:00,,,tools/dataset/captures/http_300_aqs_20260626T2040Z/labels_ollama_proposals.csv,excluded,no_valid_votes,qwen3-vl:4b,0
capture_0182,tools/dataset/captures/http_300_aqs_20260626T2040Z/capture_0182.jpg,,,,,,false,train,,excluded,auto-consensus,2026-07-21T20:11:18+00:00,,,tools/dataset/captures/http_300_aqs_20260626T2040Z/labels_ollama_proposals.csv,excluded,no_valid_votes,qwen3-vl:4b,0
capture_0183,tools/dataset/captures/http_300_aqs_20260626T2040Z/capture_0183.jpg,,,,,,false,train,,excluded,auto-consensus,2026-07-21T20:11:18+00:00,,,tools/dataset/captures/http_300_aqs_20260626T2040Z/labels_ollama_proposals.csv,excluded,no_valid_votes,qwen3-vl:4b,0
capture_0184,tools/dataset/captures/http_300_aqs_20260626T2040Z/capture_0184.jpg,,,,,,false,train,,excluded,auto-consensus,2026-07-21T20:11:18+00:00,,,tools/dataset/captures/http_300_aqs_20260626T2040Z/labels_ollama_proposals.csv,excluded,no_valid_votes,qwen3-vl:4b,0
capture_0185,tools/dataset/captures/http_300_aqs_20260626T2040Z/capture_0185.jpg,,,,,,false,train,,excluded,auto-consensus,2026-07-21T20:11:18+00:00,,,tools/dataset/captures/http_300_aqs_20260626T2040Z/labels_ollama_proposals.csv,excluded,no_valid_votes,qwen3-vl:4b,0
capture_0186,tools/dataset/captures/http_300_aqs_20260626T2040Z/capture_0186.jpg,,,,,,false,train,,excluded,auto-consensus,2026-07-21T20:11:18+00:00,,,tools/dataset/captures/http_300_aqs_20260626T2040Z/labels_ollama_proposals.csv,excluded,no_valid_votes,qwen3-vl:4b,0
capture_0187,tools/dataset/captures/http_300_aqs_20260626T2040Z/capture_0187.jpg,,,,,,false,train,,excluded,auto-consensus,2026-07-21T20:11:18+00:00,,,tools/dataset/captures/http_300_aqs_20260626T2040Z/labels_ollama_proposals.csv,excluded,no_valid_votes,qwen3-vl:4b,0
capture_0188,tools/dataset/captures/http_300_aqs_20260626T2040Z/capture_0188.jpg,,,,,,false,train,,excluded,auto-consensus,2026-07-21T20:11:18+00:00,,,tools/dataset/captures/http_300_aqs_20260626T2040Z/labels_ollama_proposals.csv,excluded,no_valid_votes,qwen3-vl:4b,0
capture_0189,tools/dataset/captures/http_300_aqs_20260626T2040Z/capture_0189.jpg,,,,,,false,train,,excluded,auto-consensus,2026-07-21T20:11:18+00:00,,,tools/dataset/captures/http_300_aqs_20260626T2040Z/labels_ollama_proposals.csv,excluded,no_valid_votes,qwen3-vl:4b,0
capture_0190,tools/dataset/captures/http_300_aqs_20260626T2040Z/capture_0190.jpg,,,,,,false,train,,excluded,auto-consensus,2026-07-21T20:11:18+00:00,,,tools/dataset/captures/http_300_aqs_20260626T2040Z/labels_ollama_proposals.csv,excluded,no_valid_votes,qwen3-vl:4b,0
capture_0191,tools/dataset/captures/http_300_aqs_20260626T2040Z/capture_0191.jpg,,,,,,false,train,,excluded,auto-consensus,2026-07-21T20:11:18+00:00,,,tools/dataset/captures/http_300_aqs_20260626T2040Z/labels_ollama_proposals.csv,excluded,no_valid_votes,qwen3-vl:4b,0
capture_0192,tools/dataset/captures/http_300_aqs_20260626T2040Z/capture_0192.jpg,,,,,,false,train,,excluded,auto-consensus,2026-07-21T20:11:18+00:00,,,tools/dataset/captures/http_300_aqs_20260626T2040Z/labels_ollama_proposals.csv,excluded,no_valid_votes,qwen3-vl:4b,0
capture_0193,tools/dataset/captures/http_300_aqs_20260626T2040Z/capture_0193.jpg,,,,,,false,train,,excluded,auto-consensus,2026-07-21T20:11:18+00:00,,,tools/dataset/captures/http_300_aqs_20260626T2040Z/labels_ollama_proposals.csv,excluded,no_valid_votes,qwen3-vl:4b,0
capture_0194,tools/dataset/captures/http_300_aqs_20260626T2040Z/capture_0194.jpg,,,,,,false,train,,excluded,auto-consensus,2026-07-21T20:11:18+00:00,,,tools/dataset/captures/http_300_aqs_20260626T2040Z/labels_ollama_proposals.csv,excluded,no_valid_votes,qwen3-vl:4b,0
capture_0195,tools/dataset/captures/http_300_aqs_20260626T2040Z/capture_0195.jpg,,,,,,false,train,,excluded,auto-consensus,2026-07-21T20:11:18+00:00,,,tools/dataset/captures/http_300_aqs_20260626T2040Z/labels_ollama_proposals.csv,excluded,no_valid_votes,qwen3-vl:4b,0
capture_0196,tools/dataset/captures/http_300_aqs_20260626T2040Z/capture_0196.jpg,,,,,,false,train,,excluded,auto-consensus,2026-07-21T20:11:18+00:00,,,tools/dataset/captures/http_300_aqs_20260626T2040Z/labels_ollama_proposals.csv,excluded,no_valid_votes,qwen3-vl:4b,0
capture_0197,tools/dataset/captures/http_300_aqs_20260626T2040Z/capture_0197.jpg,,,,,,false,train,,excluded,auto-consensus,2026-07-21T20:11:18+00:00,,,tools/dataset/captures/http_300_aqs_20260626T2040Z/labels_ollama_proposals.csv,excluded,no_valid_votes,qwen3-vl:4b,0
capture_0198,tools/dataset/captures/http_300_aqs_20260626T2040Z/capture_0198.jpg,,,,,,false,train,,excluded,auto-consensus,2026-07-21T20:11:18+00:00,,,tools/dataset/captures/http_300_aqs_20260626T2040Z/labels_ollama_proposals.csv,excluded,no_valid_votes,qwen3-vl:4b,0
capture_0199,tools/dataset/captures/http_300_aqs_20260626T2040Z/capture_0199.jpg,,,,,,false,train,,excluded,auto-consensus,2026-07-21T20:11:18+00:00,,,tools/dataset/captures/http_300_aqs_20260626T2040Z/labels_ollama_proposals.csv,excluded,no_valid_votes,qwen3-vl:4b,0
capture_0200,tools/dataset/captures/http_300_aqs_20260626T2040Z/capture_0200.jpg,,,,,,false,train,,excluded,auto-consensus,2026-07-21T20:11:18+00:00,,,tools/dataset/captures/http_300_aqs_20260626T2040Z/labels_ollama_proposals.csv,excluded,no_valid_votes,qwen3-vl:4b,0
capture_0201,tools/dataset/captures/http_300_aqs_20260626T2040Z/capture_0201.jpg,,,,,,false,train,,excluded,auto-consensus,2026-07-21T20:11:18+00:00,,,tools/dataset/captures/http_300_aqs_20260626T2040Z/labels_ollama_proposals.csv,excluded,no_valid_votes,qwen3-vl:4b,0
capture_0202,tools/dataset/captures/http_300_aqs_20260626T2040Z/capture_0202.jpg,,,,,,false,train,,excluded,auto-consensus,2026-07-21T20:11:18+00:00,,,tools/dataset/captures/http_300_aqs_20260626T2040Z/labels_ollama_proposals.csv,excluded,no_valid_votes,qwen3-vl:4b,0
capture_0203,tools/dataset/captures/http_300_aqs_20260626T2040Z/capture_0203.jpg,,,,,,false,train,,excluded,auto-consensus,2026-07-21T20:11:18+00:00,,,tools/dataset/captures/http_300_aqs_20260626T2040Z/labels_ollama_proposals.csv,excluded,no_valid_votes,qwen3-vl:4b,0
capture_0204,tools/dataset/captures/http_300_aqs_20260626T2040Z/capture_0204.jpg,,,,,,false,train,,excluded,auto-consensus,2026-07-21T20:11:18+00:00,,,tools/dataset/captures/http_300_aqs_20260626T2040Z/labels_ollama_proposals.csv,excluded,no_valid_votes,qwen3-vl:4b,0
capture_0205,tools/dataset/captures/http_300_aqs_20260626T2040Z/capture_0205.jpg,,,,,,false,train,,excluded,auto-consensus,2026-07-21T20:11:18+00:00,,,tools/dataset/captures/http_300_aqs_20260626T2040Z/labels_ollama_proposals.csv,excluded,no_valid_votes,qwen3-vl:4b,0
capture_0206,tools/dataset/captures/http_300_aqs_20260626T2040Z/capture_0206.jpg,,,,,,false,train,,excluded,auto-consensus,2026-07-21T20:11:18+00:00,,,tools/dataset/captures/http_300_aqs_20260626T2040Z/labels_ollama_proposals.csv,excluded,no_valid_votes,qwen3-vl:4b,0
capture_0207,tools/dataset/captures/http_300_aqs_20260626T2040Z/capture_0207.jpg,,,,,,false,train,,excluded,auto-consensus,2026-07-21T20:11:18+00:00,,,tools/dataset/captures/http_300_aqs_20260626T2040Z/labels_ollama_proposals.csv,excluded,no_valid_votes,qwen3-vl:4b,0
capture_0208,tools/dataset/captures/http_300_aqs_20260626T2040Z/capture_0208.jpg,,,,,,false,train,,excluded,auto-consensus,2026-07-21T20:11:18+00:00,,,tools/dataset/captures/http_300_aqs_20260626T2040Z/labels_ollama_proposals.csv,excluded,no_valid_votes,qwen3-vl:4b,0
capture_0209,tools/dataset/captures/http_300_aqs_20260626T2040Z/capture_0209.jpg,,,,,,false,train,,excluded,auto-consensus,2026-07-21T20:11:18+00:00,,,tools/dataset/captures/http_300_aqs_20260626T2040Z/labels_ollama_proposals.csv,excluded,no_valid_votes,qwen3-vl:4b,0
capture_0210,tools/dataset/captures/http_300_aqs_20260626T2040Z/capture_0210.jpg,,,,,,false,train,,excluded,auto-consensus,2026-07-21T20:11:18+00:00,,,tools/dataset/captures/http_300_aqs_20260626T2040Z/labels_ollama_proposals.csv,excluded,no_valid_votes,qwen3-vl:4b,0
capture_0211,tools/dataset/captures/http_300_aqs_20260626T2040Z/capture_0211.jpg,,,,,,false,train,,excluded,auto-consensus,2026-07-21T20:11:18+00:00,,,tools/dataset/captures/http_300_aqs_20260626T2040Z/labels_ollama_proposals.csv,excluded,no_valid_votes,qwen3-vl:4b,0
capture_0212,tools/dataset/captures/http_300_aqs_20260626T2040Z/capture_0212.jpg,,,,,,false,train,,excluded,auto-consensus,2026-07-21T20:11:18+00:00,,,tools/dataset/captures/http_300_aqs_20260626T2040Z/labels_ollama_proposals.csv,excluded,no_valid_votes,qwen3-vl:4b,0
capture_0213,tools/dataset/captures/http_300_aqs_20260626T2040Z/capture_0213.jpg,,,,,,false,train,,excluded,auto-consensus,2026-07-21T20:11:18+00:00,,,tools/dataset/captures/http_300_aqs_20260626T2040Z/labels_ollama_proposals.csv,excluded,no_valid_votes,qwen3-vl:4b,0
capture_0214,tools/dataset/captures/http_300_aqs_20260626T2040Z/capture_0214.jpg,,,,,,false,train,,excluded,auto-consensus,2026-07-21T20:11:18+00:00,,,tools/dataset/captures/http_300_aqs_20260626T2040Z/labels_ollama_proposals.csv,excluded,no_valid_votes,qwen3-vl:4b,0
capture_0215,tools/dataset/captures/http_300_aqs_20260626T2040Z/capture_0215.jpg,,,,,,false,train,,excluded,auto-consensus,2026-07-21T20:11:18+00:00,,,tools/dataset/captures/http_300_aqs_20260626T2040Z/labels_ollama_proposals.csv,excluded,no_valid_votes,qwen3-vl:4b,0
capture_0216,tools/dataset/captures/http_300_aqs_20260626T2040Z/capture_0216.jpg,,,,,,false,train,,excluded,auto-consensus,2026-07-21T20:11:18+00:00,,,tools/dataset/captures/http_300_aqs_20260626T2040Z/labels_ollama_proposals.csv,excluded,no_valid_votes,qwen3-vl:4b,0
capture_0217,tools/dataset/captures/http_300_aqs_20260626T2040Z/capture_0217.jpg,,,,,,false,train,,excluded,auto-consensus,2026-07-21T20:11:18+00:00,,,tools/dataset/captures/http_300_aqs_20260626T2040Z/labels_ollama_proposals.csv,excluded,no_valid_votes,qwen3-vl:4b,0
capture_0218,tools/dataset/captures/http_300_aqs_20260626T2040Z/capture_0218.jpg,,,,,,false,train,,excluded,auto-consensus,2026-07-21T20:11:18+00:00,,,tools/dataset/captures/http_300_aqs_20260626T2040Z/labels_ollama_proposals.csv,excluded,no_valid_votes,qwen3-vl:4b,0
capture_0219,tools/dataset/captures/http_300_aqs_20260626T2040Z/capture_0219.jpg,,,,,,false,train,,excluded,auto-consensus,2026-07-21T20:11:18+00:00,,,tools/dataset/captures/http_300_aqs_20260626T2040Z/labels_ollama_proposals.csv,excluded,no_valid_votes,qwen3-vl:4b,0
capture_0220,tools/dataset/captures/http_300_aqs_20260626T2040Z/capture_0220.jpg,,,,,,false,train,,excluded,auto-consensus,2026-07-21T20:11:18+00:00,,,tools/dataset/captures/http_300_aqs_20260626T2040Z/labels_ollama_proposals.csv,excluded,no_valid_votes,qwen3-vl:4b,0
capture_0221,tools/dataset/captures/http_300_aqs_20260626T2040Z/capture_0221.jpg,,,,,,false,train,,excluded,auto-consensus,2026-07-21T20:11:18+00:00,,,tools/dataset/captures/http_300_aqs_20260626T2040Z/labels_ollama_proposals.csv,excluded,no_valid_votes,qwen3-vl:4b,0
capture_0222,tools/dataset/captures/http_300_aqs_20260626T2040Z/capture_0222.jpg,,,,,,false,train,,excluded,auto-consensus,2026-07-21T20:11:18+00:00,,,tools/dataset/captures/http_300_aqs_20260626T2040Z/labels_ollama_proposals.csv,excluded,no_valid_votes,qwen3-vl:4b,0
capture_0223,tools/dataset/captures/http_300_aqs_20260626T2040Z/capture_0223.jpg,,,,,,false,train,,excluded,auto-consensus,2026-07-21T20:11:18+00:00,,,tools/dataset/captures/http_300_aqs_20260626T2040Z/labels_ollama_proposals.csv,excluded,no_valid_votes,qwen3-vl:4b,0
capture_0224,tools/dataset/captures/http_300_aqs_20260626T2040Z/capture_0224.jpg,,,,,,false,train,,excluded,auto-consensus,2026-07-21T20:11:18+00:00,,,tools/dataset/captures/http_300_aqs_20260626T2040Z/labels_ollama_proposals.csv,excluded,no_valid_votes,qwen3-vl:4b,0
capture_0225,tools/dataset/captures/http_300_aqs_20260626T2040Z/capture_0225.jpg,,,,,,false,train,,excluded,auto-consensus,2026-07-21T20:11:18+00:00,,,tools/dataset/captures/http_300_aqs_20260626T2040Z/labels_ollama_proposals.csv,excluded,no_valid_votes,qwen3-vl:4b,0
capture_0226,tools/dataset/captures/http_300_aqs_20260626T2040Z/capture_0226.jpg,,,,,,false,train,,excluded,auto-consensus,2026-07-21T20:11:18+00:00,,,tools/dataset/captures/http_300_aqs_20260626T2040Z/labels_ollama_proposals.csv,excluded,no_valid_votes,qwen3-vl:4b,0
capture_0227,tools/dataset/captures/http_300_aqs_20260626T2040Z/capture_0227.jpg,,,,,,false,train,,excluded,auto-consensus,2026-07-21T20:11:18+00:00,,,tools/dataset/captures/http_300_aqs_20260626T2040Z/labels_ollama_proposals.csv,excluded,no_valid_votes,qwen3-vl:4b,0
capture_0228,tools/dataset/captures/http_300_aqs_20260626T2040Z/capture_0228.jpg,,,,,,false,train,,excluded,auto-consensus,2026-07-21T20:11:18+00:00,,,tools/dataset/captures/http_300_aqs_20260626T2040Z/labels_ollama_proposals.csv,excluded,no_valid_votes,qwen3-vl:4b,0
capture_0229,tools/dataset/captures/http_300_aqs_20260626T2040Z/capture_0229.jpg,,,,,,false,train,,excluded,auto-consensus,2026-07-21T20:11:18+00:00,,,tools/dataset/captures/http_300_aqs_20260626T2040Z/labels_ollama_proposals.csv,excluded,no_valid_votes,qwen3-vl:4b,0
capture_0230,tools/dataset/captures/http_300_aqs_20260626T2040Z/capture_0230.jpg,,,,,,false,train,,excluded,auto-consensus,2026-07-21T20:11:18+00:00,,,tools/dataset/captures/http_300_aqs_20260626T2040Z/labels_ollama_proposals.csv,excluded,no_valid_votes,qwen3-vl:4b,0
capture_0231,tools/dataset/captures/http_300_aqs_20260626T2040Z/capture_0231.jpg,,,,,,false,train,,excluded,auto-consensus,2026-07-21T20:11:18+00:00,,,tools/dataset/captures/http_300_aqs_20260626T2040Z/labels_ollama_proposals.csv,excluded,no_valid_votes,qwen3-vl:4b,0
capture_0232,tools/dataset/captures/http_300_aqs_20260626T2040Z/capture_0232.jpg,,,,,,false,train,,excluded,auto-consensus,2026-07-21T20:11:18+00:00,,,tools/dataset/captures/http_300_aqs_20260626T2040Z/labels_ollama_proposals.csv,excluded,no_valid_votes,qwen3-vl:4b,0
capture_0233,tools/dataset/captures/http_300_aqs_20260626T2040Z/capture_0233.jpg,,,,,,false,train,,excluded,auto-consensus,2026-07-21T20:11:18+00:00,,,tools/dataset/captures/http_300_aqs_20260626T2040Z/labels_ollama_proposals.csv,excluded,no_valid_votes,qwen3-vl:4b,0
capture_0234,tools/dataset/captures/http_300_aqs_20260626T2040Z/capture_0234.jpg,,,,,,false,train,,excluded,auto-consensus,2026-07-21T20:11:18+00:00,,,tools/dataset/captures/http_300_aqs_20260626T2040Z/labels_ollama_proposals.csv,excluded,no_valid_votes,qwen3-vl:4b,0
capture_0235,tools/dataset/captures/http_300_aqs_20260626T2040Z/capture_0235.jpg,,,,,,false,train,,excluded,auto-consensus,2026-07-21T20:11:18+00:00,,,tools/dataset/captures/http_300_aqs_20260626T2040Z/labels_ollama_proposals.csv,excluded,no_valid_votes,qwen3-vl:4b,0
capture_0236,tools/dataset/captures/http_300_aqs_20260626T2040Z/capture_0236.jpg,,,,,,false,train,,excluded,auto-consensus,2026-07-21T20:11:18+00:00,,,tools/dataset/captures/http_300_aqs_20260626T2040Z/labels_ollama_proposals.csv,excluded,no_valid_votes,qwen3-vl:4b,0
capture_0237,tools/dataset/captures/http_300_aqs_20260626T2040Z/capture_0237.jpg,,,,,,false,train,,excluded,auto-consensus,2026-07-21T20:11:18+00:00,,,tools/dataset/captures/http_300_aqs_20260626T2040Z/labels_ollama_proposals.csv,excluded,no_valid_votes,qwen3-vl:4b,0
capture_0238,tools/dataset/captures/http_300_aqs_20260626T2040Z/capture_0238.jpg,,,,,,false,train,,excluded,auto-consensus,2026-07-21T20:11:18+00:00,,,tools/dataset/captures/http_300_aqs_20260626T2040Z/labels_ollama_proposals.csv,excluded,no_valid_votes,qwen3-vl:4b,0
capture_0239,tools/dataset/captures/http_300_aqs_20260626T2040Z/capture_0239.jpg,,,,,,false,train,,excluded,auto-consensus,2026-07-21T20:11:18+00:00,,,tools/dataset/captures/http_300_aqs_20260626T2040Z/labels_ollama_proposals.csv,excluded,no_valid_votes,qwen3-vl:4b,0
capture_0240,tools/dataset/captures/http_300_aqs_20260626T2040Z/capture_0240.jpg,21,12,450,13,36,true,train,auto_consensus,automated_consensus,auto-consensus,2026-07-21T20:11:18+00:00,qwen3-vl:4b,aqs-five-field-v2,tools/dataset/captures/http_300_aqs_20260626T2040Z/labels_ollama_proposals.csv,promoted,single_model_temporal_plausible,qwen3-vl:4b,1
capture_0241,tools/dataset/captures/http_300_aqs_20260626T2040Z/capture_0241.jpg,,,,,,false,validation,,excluded,auto-consensus,2026-07-21T20:11:18+00:00,,,tools/dataset/captures/http_300_aqs_20260626T2040Z/labels_ollama_proposals.csv,excluded,no_valid_votes,qwen3-vl:4b,0
capture_0242,tools/dataset/captures/http_300_aqs_20260626T2040Z/capture_0242.jpg,21,12,450,13,36,true,validation,auto_consensus,automated_consensus,auto-consensus,2026-07-21T20:11:18+00:00,qwen3-vl:4b,aqs-five-field-v2,tools/dataset/captures/http_300_aqs_20260626T2040Z/labels_ollama_proposals.csv,promoted,single_model_temporal_plausible,qwen3-vl:4b,1
capture_0243,tools/dataset/captures/http_300_aqs_20260626T2040Z/capture_0243.jpg,,,,,,false,validation,co2_ppm:560:neighbor_median=450;temperature_c:25:neighbor_median=21,excluded,auto-consensus,2026-07-21T20:11:18+00:00,,,tools/dataset/captures/http_300_aqs_20260626T2040Z/labels_ollama_proposals.csv,excluded,temporal_anomaly,qwen3-vl:4b,0
capture_0244,tools/dataset/captures/http_300_aqs_20260626T2040Z/capture_0244.jpg,,,,,,false,validation,,excluded,auto-consensus,2026-07-21T20:11:18+00:00,,,tools/dataset/captures/http_300_aqs_20260626T2040Z/labels_ollama_proposals.csv,excluded,no_valid_votes,qwen3-vl:4b,0
capture_0245,tools/dataset/captures/http_300_aqs_20260626T2040Z/capture_0245.jpg,,,,,,false,validation,,excluded,auto-consensus,2026-07-21T20:11:18+00:00,,,tools/dataset/captures/http_300_aqs_20260626T2040Z/labels_ollama_proposals.csv,excluded,no_valid_votes,qwen3-vl:4b,0
capture_0246,tools/dataset/captures/http_300_aqs_20260626T2040Z/capture_0246.jpg,,,,,,false,validation,,excluded,auto-consensus,2026-07-21T20:11:18+00:00,,,tools/dataset/captures/http_300_aqs_20260626T2040Z/labels_ollama_proposals.csv,excluded,no_valid_votes,qwen3-vl:4b,0
capture_0247,tools/dataset/captures/http_300_aqs_20260626T2040Z/capture_0247.jpg,,,,,,false,validation,,excluded,auto-consensus,2026-07-21T20:11:18+00:00,,,tools/dataset/captures/http_300_aqs_20260626T2040Z/labels_ollama_proposals.csv,excluded,no_valid_votes,qwen3-vl:4b,0
capture_0248,tools/dataset/captures/http_300_aqs_20260626T2040Z/capture_0248.jpg,,,,,,false,validation,,excluded,auto-consensus,2026-07-21T20:11:18+00:00,,,tools/dataset/captures/http_300_aqs_20260626T2040Z/labels_ollama_proposals.csv,excluded,no_valid_votes,qwen3-vl:4b,0
capture_0249,tools/dataset/captures/http_300_aqs_20260626T2040Z/capture_0249.jpg,,,,,,false,validation,,excluded,auto-consensus,2026-07-21T20:11:18+00:00,,,tools/dataset/captures/http_300_aqs_20260626T2040Z/labels_ollama_proposals.csv,excluded,no_valid_votes,qwen3-vl:4b,0
capture_0250,tools/dataset/captures/http_300_aqs_20260626T2040Z/capture_0250.jpg,,,,,,false,validation,,excluded,auto-consensus,2026-07-21T20:11:18+00:00,,,tools/dataset/captures/http_300_aqs_20260626T2040Z/labels_ollama_proposals.csv,excluded,no_valid_votes,qwen3-vl:4b,0
capture_0251,tools/dataset/captures/http_300_aqs_20260626T2040Z/capture_0251.jpg,,,,,,false,validation,,excluded,auto-consensus,2026-07-21T20:11:18+00:00,,,tools/dataset/captures/http_300_aqs_20260626T2040Z/labels_ollama_proposals.csv,excluded,no_valid_votes,qwen3-vl:4b,0
capture_0252,tools/dataset/captures/http_300_aqs_20260626T2040Z/capture_0252.jpg,,,,,,false,validation,,excluded,auto-consensus,2026-07-21T20:11:18+00:00,,,tools/dataset/captures/http_300_aqs_20260626T2040Z/labels_ollama_proposals.csv,excluded,no_valid_votes,qwen3-vl:4b,0
capture_0253,tools/dataset/captures/http_300_aqs_20260626T2040Z/capture_0253.jpg,,,,,,false,validation,,excluded,auto-consensus,2026-07-21T20:11:18+00:00,,,tools/dataset/captures/http_300_aqs_20260626T2040Z/labels_ollama_proposals.csv,excluded,no_valid_votes,qwen3-vl:4b,0
capture_0254,tools/dataset/captures/http_300_aqs_20260626T2040Z/capture_0254.jpg,,,,,,false,validation,,excluded,auto-consensus,2026-07-21T20:11:18+00:00,,,tools/dataset/captures/http_300_aqs_20260626T2040Z/labels_ollama_proposals.csv,excluded,no_valid_votes,qwen3-vl:4b,0
capture_0255,tools/dataset/captures/http_300_aqs_20260626T2040Z/capture_0255.jpg,,,,,,false,validation,,excluded,auto-consensus,2026-07-21T20:11:18+00:00,,,tools/dataset/captures/http_300_aqs_20260626T2040Z/labels_ollama_proposals.csv,excluded,no_valid_votes,qwen3-vl:4b,0
capture_0256,tools/dataset/captures/http_300_aqs_20260626T2040Z/capture_0256.jpg,,,,,,false,validation,,excluded,auto-consensus,2026-07-21T20:11:18+00:00,,,tools/dataset/captures/http_300_aqs_20260626T2040Z/labels_ollama_proposals.csv,excluded,no_valid_votes,qwen3-vl:4b,0
capture_0257,tools/dataset/captures/http_300_aqs_20260626T2040Z/capture_0257.jpg,,,,,,false,validation,,excluded,auto-consensus,2026-07-21T20:11:18+00:00,,,tools/dataset/captures/http_300_aqs_20260626T2040Z/labels_ollama_proposals.csv,excluded,no_valid_votes,qwen3-vl:4b,0
capture_0258,tools/dataset/captures/http_300_aqs_20260626T2040Z/capture_0258.jpg,,,,,,false,validation,,excluded,auto-consensus,2026-07-21T20:11:18+00:00,,,tools/dataset/captures/http_300_aqs_20260626T2040Z/labels_ollama_proposals.csv,excluded,no_valid_votes,qwen3-vl:4b,0
capture_0259,tools/dataset/captures/http_300_aqs_20260626T2040Z/capture_0259.jpg,,,,,,false,validation,,excluded,auto-consensus,2026-07-21T20:11:18+00:00,,,tools/dataset/captures/http_300_aqs_20260626T2040Z/labels_ollama_proposals.csv,excluded,no_valid_votes,qwen3-vl:4b,0
capture_0260,tools/dataset/captures/http_300_aqs_20260626T2040Z/capture_0260.jpg,,,,,,false,validation,,excluded,auto-consensus,2026-07-21T20:11:18+00:00,,,tools/dataset/captures/http_300_aqs_20260626T2040Z/labels_ollama_proposals.csv,excluded,no_valid_votes,qwen3-vl:4b,0
capture_0261,tools/dataset/captures/http_300_aqs_20260626T2040Z/capture_0261.jpg,,,,,,false,validation,,excluded,auto-consensus,2026-07-21T20:11:18+00:00,,,tools/dataset/captures/http_300_aqs_20260626T2040Z/labels_ollama_proposals.csv,excluded,no_valid_votes,qwen3-vl:4b,0
capture_0262,tools/dataset/captures/http_300_aqs_20260626T2040Z/capture_0262.jpg,,,,,,false,validation,,excluded,auto-consensus,2026-07-21T20:11:18+00:00,,,tools/dataset/captures/http_300_aqs_20260626T2040Z/labels_ollama_proposals.csv,excluded,no_valid_votes,qwen3-vl:4b,0
capture_0263,tools/dataset/captures/http_300_aqs_20260626T2040Z/capture_0263.jpg,,,,,,false,validation,,excluded,auto-consensus,2026-07-21T20:11:18+00:00,,,tools/dataset/captures/http_300_aqs_20260626T2040Z/labels_ollama_proposals.csv,excluded,no_valid_votes,qwen3-vl:4b,0
capture_0264,tools/dataset/captures/http_300_aqs_20260626T2040Z/capture_0264.jpg,,,,,,false,validation,,excluded,auto-consensus,2026-07-21T20:11:18+00:00,,,tools/dataset/captures/http_300_aqs_20260626T2040Z/labels_ollama_proposals.csv,excluded,no_valid_votes,qwen3-vl:4b,0
capture_0265,tools/dataset/captures/http_300_aqs_20260626T2040Z/capture_0265.jpg,,,,,,false,validation,,excluded,auto-consensus,2026-07-21T20:11:18+00:00,,,tools/dataset/captures/http_300_aqs_20260626T2040Z/labels_ollama_proposals.csv,excluded,no_valid_votes,qwen3-vl:4b,0
capture_0266,tools/dataset/captures/http_300_aqs_20260626T2040Z/capture_0266.jpg,,,,,,false,validation,,excluded,auto-consensus,2026-07-21T20:11:18+00:00,,,tools/dataset/captures/http_300_aqs_20260626T2040Z/labels_ollama_proposals.csv,excluded,no_valid_votes,qwen3-vl:4b,0
capture_0267,tools/dataset/captures/http_300_aqs_20260626T2040Z/capture_0267.jpg,,,,,,false,validation,,excluded,auto-consensus,2026-07-21T20:11:18+00:00,,,tools/dataset/captures/http_300_aqs_20260626T2040Z/labels_ollama_proposals.csv,excluded,no_valid_votes,qwen3-vl:4b,0
capture_0268,tools/dataset/captures/http_300_aqs_20260626T2040Z/capture_0268.jpg,,,,,,false,validation,,excluded,auto-consensus,2026-07-21T20:11:18+00:00,,,tools/dataset/captures/http_300_aqs_20260626T2040Z/labels_ollama_proposals.csv,excluded,no_valid_votes,qwen3-vl:4b,0
capture_0269,tools/dataset/captures/http_300_aqs_20260626T2040Z/capture_0269.jpg,,,,,,false,validation,,excluded,auto-consensus,2026-07-21T20:11:18+00:00,,,tools/dataset/captures/http_300_aqs_20260626T2040Z/labels_ollama_proposals.csv,excluded,no_valid_votes,qwen3-vl:4b,0
capture_0270,tools/dataset/captures/http_300_aqs_20260626T2040Z/capture_0270.jpg,,,,,,false,validation,,excluded,auto-consensus,2026-07-21T20:11:18+00:00,,,tools/dataset/captures/http_300_aqs_20260626T2040Z/labels_ollama_proposals.csv,excluded,no_valid_votes,qwen3-vl:4b,0
capture_0271,tools/dataset/captures/http_300_aqs_20260626T2040Z/capture_0271.jpg,,,,,,false,test,,excluded,auto-consensus,2026-07-21T20:11:18+00:00,,,tools/dataset/captures/http_300_aqs_20260626T2040Z/labels_ollama_proposals.csv,excluded,no_valid_votes,qwen3-vl:4b,0
capture_0272,tools/dataset/captures/http_300_aqs_20260626T2040Z/capture_0272.jpg,,,,,,false,test,,excluded,auto-consensus,2026-07-21T20:11:18+00:00,,,tools/dataset/captures/http_300_aqs_20260626T2040Z/labels_ollama_proposals.csv,excluded,no_valid_votes,qwen3-vl:4b,0
capture_0273,tools/dataset/captures/http_300_aqs_20260626T2040Z/capture_0273.jpg,,,,,,false,test,,excluded,auto-consensus,2026-07-21T20:11:18+00:00,,,tools/dataset/captures/http_300_aqs_20260626T2040Z/labels_ollama_proposals.csv,excluded,no_valid_votes,qwen3-vl:4b,0
capture_0274,tools/dataset/captures/http_300_aqs_20260626T2040Z/capture_0274.jpg,,,,,,false,test,,excluded,auto-consensus,2026-07-21T20:11:18+00:00,,,tools/dataset/captures/http_300_aqs_20260626T2040Z/labels_ollama_proposals.csv,excluded,no_valid_votes,qwen3-vl:4b,0
capture_0275,tools/dataset/captures/http_300_aqs_20260626T2040Z/capture_0275.jpg,,,,,,false,test,,excluded,auto-consensus,2026-07-21T20:11:18+00:00,,,tools/dataset/captures/http_300_aqs_20260626T2040Z/labels_ollama_proposals.csv,excluded,no_valid_votes,qwen3-vl:4b,0
capture_0276,tools/dataset/captures/http_300_aqs_20260626T2040Z/capture_0276.jpg,,,,,,false,test,,excluded,auto-consensus,2026-07-21T20:11:18+00:00,,,tools/dataset/captures/http_300_aqs_20260626T2040Z/labels_ollama_proposals.csv,excluded,no_valid_votes,qwen3-vl:4b,0
capture_0277,tools/dataset/captures/http_300_aqs_20260626T2040Z/capture_0277.jpg,,,,,,false,test,,excluded,auto-consensus,2026-07-21T20:11:18+00:00,,,tools/dataset/captures/http_300_aqs_20260626T2040Z/labels_ollama_proposals.csv,excluded,no_valid_votes,qwen3-vl:4b,0
capture_0278,tools/dataset/captures/http_300_aqs_20260626T2040Z/capture_0278.jpg,,,,,,false,test,,excluded,auto-consensus,2026-07-21T20:11:18+00:00,,,tools/dataset/captures/http_300_aqs_20260626T2040Z/labels_ollama_proposals.csv,excluded,no_valid_votes,qwen3-vl:4b,0
capture_0279,tools/dataset/captures/http_300_aqs_20260626T2040Z/capture_0279.jpg,,,,,,false,test,,excluded,auto-consensus,2026-07-21T20:11:18+00:00,,,tools/dataset/captures/http_300_aqs_20260626T2040Z/labels_ollama_proposals.csv,excluded,no_valid_votes,qwen3-vl:4b,0
capture_0280,tools/dataset/captures/http_300_aqs_20260626T2040Z/capture_0280.jpg,,,,,,false,test,,excluded,auto-consensus,2026-07-21T20:11:18+00:00,,,tools/dataset/captures/http_300_aqs_20260626T2040Z/labels_ollama_proposals.csv,excluded,no_valid_votes,qwen3-vl:4b,0
capture_0281,tools/dataset/captures/http_300_aqs_20260626T2040Z/capture_0281.jpg,,,,,,false,test,,excluded,auto-consensus,2026-07-21T20:11:18+00:00,,,tools/dataset/captures/http_300_aqs_20260626T2040Z/labels_ollama_proposals.csv,excluded,no_valid_votes,qwen3-vl:4b,0
capture_0282,tools/dataset/captures/http_300_aqs_20260626T2040Z/capture_0282.jpg,,,,,,false,test,,excluded,auto-consensus,2026-07-21T20:11:18+00:00,,,tools/dataset/captures/http_300_aqs_20260626T2040Z/labels_ollama_proposals.csv,excluded,no_valid_votes,qwen3-vl:4b,0
capture_0283,tools/dataset/captures/http_300_aqs_20260626T2040Z/capture_0283.jpg,,,,,,false,test,,excluded,auto-consensus,2026-07-21T20:11:18+00:00,,,tools/dataset/captures/http_300_aqs_20260626T2040Z/labels_ollama_proposals.csv,excluded,no_valid_votes,qwen3-vl:4b,0
capture_0284,tools/dataset/captures/http_300_aqs_20260626T2040Z/capture_0284.jpg,,,,,,false,test,,excluded,auto-consensus,2026-07-21T20:11:18+00:00,,,tools/dataset/captures/http_300_aqs_20260626T2040Z/labels_ollama_proposals.csv,excluded,no_valid_votes,qwen3-vl:4b,0
capture_0285,tools/dataset/captures/http_300_aqs_20260626T2040Z/capture_0285.jpg,,,,,,false,test,,excluded,auto-consensus,2026-07-21T20:11:18+00:00,,,tools/dataset/captures/http_300_aqs_20260626T2040Z/labels_ollama_proposals.csv,excluded,no_valid_votes,qwen3-vl:4b,0
capture_0286,tools/dataset/captures/http_300_aqs_20260626T2040Z/capture_0286.jpg,,,,,,false,test,,excluded,auto-consensus,2026-07-21T20:11:18+00:00,,,tools/dataset/captures/http_300_aqs_20260626T2040Z/labels_ollama_proposals.csv,excluded,no_valid_votes,qwen3-vl:4b,0
capture_0287,tools/dataset/captures/http_300_aqs_20260626T2040Z/capture_0287.jpg,,,,,,false,test,,excluded,auto-consensus,2026-07-21T20:11:18+00:00,,,tools/dataset/captures/http_300_aqs_20260626T2040Z/labels_ollama_proposals.csv,excluded,no_valid_votes,qwen3-vl:4b,0
capture_0288,tools/dataset/captures/http_300_aqs_20260626T2040Z/capture_0288.jpg,,,,,,false,test,,excluded,auto-consensus,2026-07-21T20:11:18+00:00,,,tools/dataset/captures/http_300_aqs_20260626T2040Z/labels_ollama_proposals.csv,excluded,no_valid_votes,qwen3-vl:4b,0
capture_0289,tools/dataset/captures/http_300_aqs_20260626T2040Z/capture_0289.jpg,,,,,,false,test,,excluded,auto-consensus,2026-07-21T20:11:18+00:00,,,tools/dataset/captures/http_300_aqs_20260626T2040Z/labels_ollama_proposals.csv,excluded,no_valid_votes,qwen3-vl:4b,0
capture_0290,tools/dataset/captures/http_300_aqs_20260626T2040Z/capture_0290.jpg,,,,,,false,test,,excluded,auto-consensus,2026-07-21T20:11:18+00:00,,,tools/dataset/captures/http_300_aqs_20260626T2040Z/labels_ollama_proposals.csv,excluded,no_valid_votes,qwen3-vl:4b,0
capture_0291,tools/dataset/captures/http_300_aqs_20260626T2040Z/capture_0291.jpg,,,,,,false,test,,excluded,auto-consensus,2026-07-21T20:11:18+00:00,,,tools/dataset/captures/http_300_aqs_20260626T2040Z/labels_ollama_proposals.csv,excluded,no_valid_votes,qwen3-vl:4b,0
capture_0292,tools/dataset/captures/http_300_aqs_20260626T2040Z/capture_0292.jpg,,,,,,false,test,,excluded,auto-consensus,2026-07-21T20:11:18+00:00,,,tools/dataset/captures/http_300_aqs_20260626T2040Z/labels_ollama_proposals.csv,excluded,no_valid_votes,qwen3-vl:4b,0
capture_0293,tools/dataset/captures/http_300_aqs_20260626T2040Z/capture_0293.jpg,,,,,,false,test,,excluded,auto-consensus,2026-07-21T20:11:18+00:00,,,tools/dataset/captures/http_300_aqs_20260626T2040Z/labels_ollama_proposals.csv,excluded,no_valid_votes,qwen3-vl:4b,0
capture_0294,tools/dataset/captures/http_300_aqs_20260626T2040Z/capture_0294.jpg,,,,,,false,test,,excluded,auto-consensus,2026-07-21T20:11:18+00:00,,,tools/dataset/captures/http_300_aqs_20260626T2040Z/labels_ollama_proposals.csv,excluded,no_valid_votes,qwen3-vl:4b,0
capture_0295,tools/dataset/captures/http_300_aqs_20260626T2040Z/capture_0295.jpg,,,,,,false,test,,excluded,auto-consensus,2026-07-21T20:11:18+00:00,,,tools/dataset/captures/http_300_aqs_20260626T2040Z/labels_ollama_proposals.csv,excluded,no_valid_votes,qwen3-vl:4b,0
capture_0296,tools/dataset/captures/http_300_aqs_20260626T2040Z/capture_0296.jpg,,,,,,false,test,co2_ppm:8200:neighbor_median=450;tvoc_raw:0:neighbor_median=36;temperature_c:2:neighbor_median=21,excluded,auto-consensus,2026-07-21T20:11:18+00:00,,,tools/dataset/captures/http_300_aqs_20260626T2040Z/labels_ollama_proposals.csv,excluded,temporal_anomaly,qwen3-vl:4b,0
capture_0297,tools/dataset/captures/http_300_aqs_20260626T2040Z/capture_0297.jpg,,,,,,false,test,,excluded,auto-consensus,2026-07-21T20:11:18+00:00,,,tools/dataset/captures/http_300_aqs_20260626T2040Z/labels_ollama_proposals.csv,excluded,no_valid_votes,qwen3-vl:4b,0
capture_0298,tools/dataset/captures/http_300_aqs_20260626T2040Z/capture_0298.jpg,,,,,,false,test,,excluded,auto-consensus,2026-07-21T20:11:18+00:00,,,tools/dataset/captures/http_300_aqs_20260626T2040Z/labels_ollama_proposals.csv,excluded,no_valid_votes,qwen3-vl:4b,0
capture_0299,tools/dataset/captures/http_300_aqs_20260626T2040Z/capture_0299.jpg,,,,,,false,test,,excluded,auto-consensus,2026-07-21T20:11:18+00:00,,,tools/dataset/captures/http_300_aqs_20260626T2040Z/labels_ollama_proposals.csv,excluded,no_valid_votes,qwen3-vl:4b,0
capture_0300,tools/dataset/captures/http_300_aqs_20260626T2040Z/capture_0300.jpg,,,,,,false,test,,excluded,auto-consensus,2026-07-21T20:11:18+00:00,,,tools/dataset/captures/http_300_aqs_20260626T2040Z/labels_ollama_proposals.csv,excluded,no_valid_votes,qwen3-vl:4b,0
